Day,Month,DayNumber,Year,StartTime,Visitor,VisitorPoints,Home,HomePoints,,,AttendeeNumber,Notes
Tue,Oct,17,2017,8:01p,BOS,99,CLE,102,Box Score,,20562,
Tue,Oct,17,2017,10:30p,HOU,122,GSW,121,Box Score,,19596,
Wed,Oct,18,2017,7:30p,MIL,108,BOS,100,Box Score,,18624,
Wed,Oct,18,2017,8:30p,ATL,117,DAL,111,Box Score,,19709,
Wed,Oct,18,2017,7:00p,CHA,90,DET,102,Box Score,,20491,
Wed,Oct,18,2017,7:00p,BKN,131,IND,140,Box Score,,15008,
Wed,Oct,18,2017,8:00p,NOP,91,MEM,103,Box Score,,17794,
Wed,Oct,18,2017,7:00p,MIA,109,ORL,116,Box Score,,18846,
Wed,Oct,18,2017,10:00p,POR,124,PHX,76,Box Score,,18055,
Wed,Oct,18,2017,10:00p,HOU,105,SAC,100,Box Score,,17583,
Wed,Oct,18,2017,9:30p,MIN,99,SAS,107,Box Score,,18418,
Wed,Oct,18,2017,9:00p,DEN,96,UTA,106,Box Score,,17588,
Wed,Oct,18,2017,7:00p,PHI,115,WAS,120,Box Score,,20356,
Thu,Oct,19,2017,10:30p,LAC,108,LAL,92,Box Score,,18997,
Thu,Oct,19,2017,8:00p,NYK,84,OKC,105,Box Score,,18203,
Thu,Oct,19,2017,7:30p,CHI,100,TOR,117,Box Score,,19800,
Fri,Oct,20,2017,7:30p,ORL,121,BKN,126,Box Score,,16144,
Fri,Oct,20,2017,7:00p,ATL,91,CHA,109,Box Score,,18417,
Fri,Oct,20,2017,8:30p,SAC,93,DAL,88,Box Score,,19273,
Fri,Oct,20,2017,7:00p,POR,114,IND,96,Box Score,,15325,
Fri,Oct,20,2017,7:00p,CLE,116,MIL,97,Box Score,,18717,
Fri,Oct,20,2017,8:00p,UTA,97,MIN,100,Box Score,,18978,
Fri,Oct,20,2017,9:30p,GSW,128,NOP,120,Box Score,,18171,
Fri,Oct,20,2017,7:00p,BOS,102,PHI,92,Box Score,,20816,
Fri,Oct,20,2017,10:00p,LAL,132,PHX,130,Box Score,,18055,
Fri,Oct,20,2017,7:00p,DET,111,WAS,115,Box Score,,16337,
Sat,Oct,21,2017,8:00p,SAS,87,CHI,77,Box Score,,21640,
Sat,Oct,21,2017,8:00p,ORL,114,CLE,93,Box Score,,20562,
Sat,Oct,21,2017,9:00p,SAC,79,DEN,96,Box Score,,19520,
Sat,Oct,21,2017,8:00p,DAL,91,HOU,107,Box Score,,18055,
Sat,Oct,21,2017,10:30p,PHX,88,LAC,130,Box Score,,19068,
Sat,Oct,21,2017,8:00p,GSW,101,MEM,111,Box Score,,17794,
Sat,Oct,21,2017,8:00p,IND,108,MIA,112,Box Score,,19600,
Sat,Oct,21,2017,8:30p,POR,110,MIL,113,Box Score,,16211,
Sat,Oct,21,2017,8:00p,DET,111,NYK,107,Box Score,,19812,
Sat,Oct,21,2017,7:30p,PHI,94,TOR,128,Box Score,,19800,
Sat,Oct,21,2017,9:00p,OKC,87,UTA,96,Box Score,,18300,
Sun,Oct,22,2017,3:30p,ATL,104,BKN,116,Box Score,,13917,
Sun,Oct,22,2017,9:30p,NOP,119,LAL,112,Box Score,,18997,
Sun,Oct,22,2017,7:00p,MIN,115,OKC,113,Box Score,,18203,
Mon,Oct,23,2017,8:30p,GSW,133,DAL,103,Box Score,,19875,
Mon,Oct,23,2017,9:00p,WAS,109,DEN,104,Box Score,,14294,
Mon,Oct,23,2017,7:00p,PHI,97,DET,86,Box Score,,13709,
Mon,Oct,23,2017,8:00p,MEM,98,HOU,90,Box Score,,17129,
Mon,Oct,23,2017,7:30p,ATL,93,MIA,104,Box Score,,19600,
Mon,Oct,23,2017,8:00p,CHA,94,MIL,103,Box Score,,12887,
Mon,Oct,23,2017,10:00p,SAC,115,PHX,117,Box Score,,14903,
Mon,Oct,23,2017,8:30p,TOR,97,SAS,101,Box Score,,18418,
Tue,Oct,24,2017,7:30p,NYK,89,BOS,110,Box Score,,18624,
Tue,Oct,24,2017,7:00p,CHI,112,CLE,119,Box Score,,20562,
Tue,Oct,24,2017,10:30p,UTA,84,LAC,102,Box Score,,16607,
Tue,Oct,24,2017,8:00p,IND,130,MIN,107,Box Score,,14353,
Tue,Oct,24,2017,7:00p,BKN,121,ORL,125,Box Score,,16015,
Tue,Oct,24,2017,10:00p,NOP,93,POR,103,Box Score,,19446,
Wed,Oct,25,2017,7:30p,CLE,107,BKN,112,Box Score,,17732,
Wed,Oct,25,2017,7:00p,DEN,93,CHA,110,Box Score,,14253,
Wed,Oct,25,2017,8:30p,MEM,94,DAL,103,Box Score,,19674,
Wed,Oct,25,2017,7:00p,MIN,101,DET,122,Box Score,,13790,
Wed,Oct,25,2017,10:30p,TOR,112,GSW,117,Box Score,,19596,
Wed,Oct,25,2017,10:30p,WAS,99,LAL,102,Box Score,OT,18996,
Wed,Oct,25,2017,8:00p,SAS,117,MIA,100,Box Score,,19600,
Wed,Oct,25,2017,8:00p,IND,96,OKC,114,Box Score,,18203,
Wed,Oct,25,2017,7:00p,HOU,105,PHI,104,Box Score,,20682,
Wed,Oct,25,2017,10:00p,UTA,88,PHX,97,Box Score,,16022,
Thu,Oct,26,2017,8:00p,ATL,86,CHI,91,Box Score,,21104,
Thu,Oct,26,2017,8:00p,DAL,91,MEM,96,Box Score,,15839,
Thu,Oct,26,2017,8:00p,BOS,96,MIL,89,Box Score,,11046,
Thu,Oct,26,2017,10:00p,LAC,104,POR,103,Box Score,,18694,
Thu,Oct,26,2017,10:30p,NOP,114,SAC,106,Box Score,,17583,
Fri,Oct,27,2017,7:30p,DEN,105,ATL,100,Box Score,,16220,
Fri,Oct,27,2017,7:00p,HOU,109,CHA,93,Box Score,,17339,
Fri,Oct,27,2017,10:30p,WAS,117,GSW,120,Box Score,,19596,
Fri,Oct,27,2017,10:30p,TOR,101,LAL,92,Box Score,,17876,
Fri,Oct,27,2017,8:00p,OKC,116,MIN,119,Box Score,,17620,
Fri,Oct,27,2017,7:30p,BKN,86,NYK,107,Box Score,,19812,
Fri,Oct,27,2017,7:00p,SAS,87,ORL,114,Box Score,,17337,
Sat,Oct,28,2017,8:00p,OKC,101,CHI,69,Box Score,,21706,
Sat,Oct,28,2017,8:30p,PHI,112,DAL,110,Box Score,,19567,
Sat,Oct,28,2017,10:30p,DET,95,LAC,87,Box Score,,17247,
Sat,Oct,28,2017,8:00p,HOU,89,MEM,103,Box Score,,17033,
Sat,Oct,28,2017,8:00p,BOS,96,MIA,90,Box Score,,19600,
Sat,Oct,28,2017,7:00p,CLE,101,NOP,123,Box Score,,18539,
Sat,Oct,28,2017,10:00p,PHX,107,POR,114,Box Score,,19343,
Sat,Oct,28,2017,9:00p,LAL,81,UTA,96,Box Score,,18306,
Sun,Oct,29,2017,3:30p,MIL,117,ATL,106,Box Score,,14014,
Sun,Oct,29,2017,6:00p,DEN,124,BKN,111,Box Score,,14854,
Sun,Oct,29,2017,6:00p,ORL,113,CHA,120,Box Score,,15531,
Sun,Oct,29,2017,7:00p,NYK,114,CLE,95,Box Score,,20562,
Sun,Oct,29,2017,8:30p,DET,115,GSW,107,Box Score,,19596,
Sun,Oct,29,2017,4:30p,SAS,94,IND,97,Box Score,,15013,
Sun,Oct,29,2017,6:00p,WAS,110,SAC,83,Box Score,,17583,
Mon,Oct,30,2017,7:30p,SAS,94,BOS,108,Box Score,,18624,
Mon,Oct,30,2017,8:00p,PHI,115,HOU,107,Box Score,,16714,
Mon,Oct,30,2017,10:30p,GSW,141,LAC,113,Box Score,,19068,
Mon,Oct,30,2017,8:00p,CHA,104,MEM,99,Box Score,,15771,
Mon,Oct,30,2017,7:30p,MIN,125,MIA,122,Box Score,OT,19600,
Mon,Oct,30,2017,8:00p,ORL,115,NOP,99,Box Score,,14004,
Mon,Oct,30,2017,7:30p,DEN,110,NYK,116,Box Score,,19812,
Mon,Oct,30,2017,10:00p,TOR,99,POR,85,Box Score,,18505,
Mon,Oct,30,2017,9:00p,DAL,89,UTA,104,Box Score,,16221,
Tue,Oct,31,2017,7:30p,PHX,122,BKN,114,Box Score,,12936,
Tue,Oct,31,2017,7:00p,SAC,83,IND,101,Box Score,,12245,
Tue,Oct,31,2017,10:30p,DET,93,LAL,113,Box Score,,17569,
Tue,Oct,31,2017,8:00p,OKC,110,MIL,91,Box Score,,16713,
Wed,Nov,1,2017,7:30p,SAC,86,BOS,113,Box Score,,18624,
Wed,Nov,1,2017,7:00p,MIL,121,CHA,126,Box Score,,15655,
Wed,Nov,1,2017,7:00p,IND,124,CLE,107,Box Score,,20562,
Wed,Nov,1,2017,9:00p,TOR,111,DEN,129,Box Score,,14072,
Wed,Nov,1,2017,10:30p,DAL,98,LAC,119,Box Score,,13487,
Wed,Nov,1,2017,8:00p,ORL,101,MEM,99,Box Score,,15434,
Wed,Nov,1,2017,7:30p,CHI,91,MIA,97,Box Score,,19600,
Wed,Nov,1,2017,8:00p,MIN,104,NOP,98,Box Score,,14788,
Wed,Nov,1,2017,8:00p,HOU,119,NYK,97,Box Score,,18320,
Wed,Nov,1,2017,7:00p,ATL,109,PHI,119,Box Score,,20549,
Wed,Nov,1,2017,9:00p,POR,103,UTA,112,Box Score,OT,16685,
Wed,Nov,1,2017,7:00p,PHX,122,WAS,116,Box Score,,14790,
Thu,Nov,2,2017,10:30p,LAL,110,POR,113,Box Score,,19469,
Thu,Nov,2,2017,8:00p,GSW,112,SAS,92,Box Score,,18418,
Fri,Nov,3,2017,7:30p,HOU,119,ATL,104,Box Score,,14087,
Fri,Nov,3,2017,8:30p,NOP,99,DAL,94,Box Score,,19894,
Fri,Nov,3,2017,9:00p,MIA,94,DEN,95,Box Score,,15317,
Fri,Nov,3,2017,7:00p,MIL,96,DET,105,Box Score,,17207,
Fri,Nov,3,2017,10:30p,BKN,112,LAL,124,Box Score,,18997,
Fri,Nov,3,2017,7:30p,PHX,107,NYK,120,Box Score,,19404,
Fri,Nov,3,2017,9:30p,BOS,101,OKC,94,Box Score,,18203,
Fri,Nov,3,2017,7:00p,CHI,105,ORL,83,Box Score,,19171,
Fri,Nov,3,2017,7:00p,IND,110,PHI,121,Box Score,,20668,
Fri,Nov,3,2017,8:30p,CHA,101,SAS,108,Box Score,,18418,
Fri,Nov,3,2017,9:00p,TOR,109,UTA,100,Box Score,,16258,
Fri,Nov,3,2017,7:00p,CLE,130,WAS,122,Box Score,,20356,
Sat,Nov,4,2017,8:00p,NOP,96,CHI,90,Box Score,OT,21254,
Sat,Nov,4,2017,9:00p,GSW,127,DEN,108,Box Score,,19711,
Sat,Nov,4,2017,7:00p,SAC,99,DET,108,Box Score,,17683,
Sat,Nov,4,2017,3:30p,MEM,113,LAC,104,Box Score,,14777,
Sat,Nov,4,2017,8:00p,DAL,99,MIN,112,Box Score,,16837,
Sun,Nov,5,2017,3:00p,ATL,117,CLE,115,Box Score,,20562,
Sun,Nov,5,2017,7:00p,UTA,110,HOU,137,Box Score,,16914,
Sun,Nov,5,2017,3:30p,MIA,104,LAC,101,Box Score,,15676,
Sun,Nov,5,2017,9:30p,MEM,102,LAL,107,Box Score,,18997,
Sun,Nov,5,2017,8:00p,CHA,94,MIN,112,Box Score,,14124,
Sun,Nov,5,2017,7:30p,IND,101,NYK,108,Box Score,,17889,
Sun,Nov,5,2017,6:00p,BOS,104,ORL,88,Box Score,,17731,
Sun,Nov,5,2017,9:00p,OKC,99,POR,103,Box Score,,19393,
Sun,Nov,5,2017,7:00p,PHX,95,SAS,112,Box Score,,18038,
Sun,Nov,5,2017,6:00p,WAS,107,TOR,96,Box Score,,19800,
Mon,Nov,6,2017,7:30p,BOS,110,ATL,107,Box Score,,13215,
Mon,Nov,6,2017,10:30p,MIA,80,GSW,97,Box Score,,19596,
Mon,Nov,6,2017,9:00p,BKN,98,PHX,92,Box Score,,15905,
Tue,Nov,7,2017,7:00p,MIL,119,CLE,124,Box Score,,20562,
Tue,Nov,7,2017,9:00p,BKN,104,DEN,112,Box Score,,14058,
Tue,Nov,7,2017,7:00p,NOP,117,IND,112,Box Score,,15014,
Tue,Nov,7,2017,7:30p,CHA,113,NYK,118,Box Score,,18704,
Tue,Nov,7,2017,10:00p,MEM,98,POR,97,Box Score,,18692,
Tue,Nov,7,2017,10:00p,OKC,86,SAC,94,Box Score,,17583,
Tue,Nov,7,2017,8:30p,LAC,107,SAS,120,Box Score,,18418,
Tue,Nov,7,2017,7:30p,CHI,114,TOR,119,Box Score,,19800,
Tue,Nov,7,2017,9:00p,PHI,104,UTA,97,Box Score,,16063,
Tue,Nov,7,2017,7:00p,DAL,113,WAS,99,Box Score,,14505,
Wed,Nov,8,2017,8:00p,LAL,96,BOS,107,Box Score,,18624,
Wed,Nov,8,2017,7:00p,IND,97,DET,114,Box Score,,14407,
Wed,Nov,8,2017,10:30p,MIN,101,GSW,125,Box Score,,19596,
Wed,Nov,8,2017,7:00p,NYK,99,ORL,112,Box Score,,18803,
Wed,Nov,8,2017,9:00p,MIA,126,PHX,115,Box Score,,16500,
Thu,Nov,9,2017,10:30p,OKC,94,DEN,102,Box Score,,19520,
Thu,Nov,9,2017,8:00p,CLE,113,HOU,117,Box Score,,18055,
Thu,Nov,9,2017,10:00p,PHI,108,SAC,109,Box Score,,17583,
Thu,Nov,9,2017,7:30p,NOP,118,TOR,122,Box Score,,19800,
Thu,Nov,9,2017,7:00p,LAL,95,WAS,111,Box Score,,20356,
Fri,Nov,10,2017,7:30p,CHA,87,BOS,90,Box Score,,18624,
Fri,Nov,10,2017,8:00p,IND,105,CHI,87,Box Score,,22416,
Fri,Nov,10,2017,7:00p,ATL,104,DET,111,Box Score,,16687,
Fri,Nov,10,2017,9:00p,LAC,111,OKC,120,Box Score,,18203,
Fri,Nov,10,2017,9:00p,ORL,128,PHX,112,Box Score,,16507,
Fri,Nov,10,2017,10:00p,BKN,101,POR,97,Box Score,,19393,
Fri,Nov,10,2017,9:00p,MIL,94,SAS,87,Box Score,,18418,
Fri,Nov,10,2017,9:00p,MIA,84,UTA,74,Box Score,,18306,
Sat,Nov,11,2017,8:30p,CLE,111,DAL,104,Box Score,,20378,
Sat,Nov,11,2017,9:00p,ORL,107,DEN,125,Box Score,,16688,
Sat,Nov,11,2017,8:30p,PHI,114,GSW,135,Box Score,,19596,
Sat,Nov,11,2017,8:00p,MEM,96,HOU,111,Box Score,,18055,
Sat,Nov,11,2017,8:30p,LAL,90,MIL,98,Box Score,,18717,
Sat,Nov,11,2017,7:00p,LAC,103,NOP,111,Box Score,,17624,
Sat,Nov,11,2017,8:00p,SAC,91,NYK,118,Box Score,,19812,
Sat,Nov,11,2017,9:00p,MIN,110,PHX,118,Box Score,,16910,
Sat,Nov,11,2017,8:30p,CHI,94,SAS,133,Box Score,,18418,
Sat,Nov,11,2017,9:00p,BKN,106,UTA,114,Box Score,,17413,
Sat,Nov,11,2017,7:00p,ATL,94,WAS,113,Box Score,,17260,
Sun,Nov,12,2017,3:30p,TOR,94,BOS,95,Box Score,,18624,
Sun,Nov,12,2017,4:00p,MIA,103,DET,112,Box Score,,16236,
Sun,Nov,12,2017,6:00p,HOU,118,IND,95,Box Score,,15581,
Sun,Nov,12,2017,7:00p,DAL,99,OKC,112,Box Score,,18203,
Mon,Nov,13,2017,10:30p,ORL,100,GSW,110,Box Score,,19596,
Mon,Nov,13,2017,10:30p,PHI,109,LAC,105,Box Score,,19068,
Mon,Nov,13,2017,8:00p,MEM,103,MIL,110,Box Score,,13244,
Mon,Nov,13,2017,8:00p,ATL,105,NOP,106,Box Score,,14631,
Mon,Nov,13,2017,7:30p,CLE,104,NYK,101,Box Score,,19812,
Mon,Nov,13,2017,9:00p,LAL,100,PHX,93,Box Score,,17533,
Mon,Nov,13,2017,10:00p,DEN,82,POR,99,Box Score,,18895,
Mon,Nov,13,2017,9:00p,MIN,109,UTA,98,Box Score,,17236,
Mon,Nov,13,2017,7:00p,SAC,92,WAS,110,Box Score,,14660,
Tue,Nov,14,2017,7:30p,BOS,109,BKN,102,Box Score,,17732,
Tue,Nov,14,2017,8:30p,SAS,97,DAL,91,Box Score,,19535,
Tue,Nov,14,2017,8:00p,TOR,129,HOU,113,Box Score,,18055,
Wed,Nov,15,2017,7:30p,SAC,80,ATL,126,Box Score,,13860,
Wed,Nov,15,2017,8:00p,CLE,115,CHA,107,Box Score,,19427,
Wed,Nov,15,2017,10:30p,PHI,115,LAL,109,Box Score,,18997,
Wed,Nov,15,2017,8:00p,IND,116,MEM,113,Box Score,,16033,
Wed,Nov,15,2017,7:30p,WAS,102,MIA,93,Box Score,,19600,
Wed,Nov,15,2017,8:00p,DET,95,MIL,99,Box Score,,14594,
Wed,Nov,15,2017,8:00p,SAS,86,MIN,98,Box Score,,18978,
Wed,Nov,15,2017,8:00p,TOR,125,NOP,116,Box Score,,15654,
Wed,Nov,15,2017,7:30p,UTA,101,NYK,106,Box Score,,18695,
Wed,Nov,15,2017,8:00p,CHI,79,OKC,92,Box Score,,18203,
Wed,Nov,15,2017,10:00p,ORL,94,POR,99,Box Score,,19206,
Thu,Nov,16,2017,8:00p,GSW,88,BOS,92,Box Score,,18624,
Thu,Nov,16,2017,10:30p,HOU,142,PHX,116,Box Score,,16875,
Fri,Nov,17,2017,7:30p,UTA,107,BKN,118,Box Score,,14495,
Fri,Nov,17,2017,8:00p,CHA,120,CHI,123,Box Score,,20493,
Fri,Nov,17,2017,7:30p,LAC,113,CLE,118,Box Score,OT,20562,
Fri,Nov,17,2017,8:30p,MIN,111,DAL,87,Box Score,,19459,
Fri,Nov,17,2017,10:30p,NOP,114,DEN,146,Box Score,,16816,
Fri,Nov,17,2017,7:00p,DET,100,IND,107,Box Score,,17188,
Fri,Nov,17,2017,10:30p,PHX,122,LAL,113,Box Score,,18997,
Fri,Nov,17,2017,10:00p,POR,82,SAC,86,Box Score,,17583,
Fri,Nov,17,2017,8:00p,OKC,101,SAS,104,Box Score,,18418,
Fri,Nov,17,2017,7:30p,NYK,84,TOR,107,Box Score,,19800,
Fri,Nov,17,2017,7:00p,MIA,91,WAS,88,Box Score,,17551,
Sat,Nov,18,2017,7:30p,BOS,110,ATL,99,Box Score,,16381,
Sat,Nov,18,2017,7:00p,LAC,87,CHA,102,Box Score,,17640,
Sat,Nov,18,2017,9:00p,MIL,79,DAL,111,Box Score,,19949,
Sat,Nov,18,2017,8:00p,HOU,105,MEM,83,Box Score,,17266,
Sat,Nov,18,2017,7:00p,UTA,125,ORL,85,Box Score,,19157,
Sat,Nov,18,2017,7:30p,GSW,124,PHI,116,Box Score,,20848,
Sat,Nov,18,2017,10:00p,SAC,90,POR,102,Box Score,,19522,
Sun,Nov,19,2017,6:00p,GSW,118,BKN,111,Box Score,,17732,
Sun,Nov,19,2017,9:30p,DEN,109,LAL,127,Box Score,,18997,
Sun,Nov,19,2017,5:00p,IND,120,MIA,95,Box Score,,19600,
Sun,Nov,19,2017,7:00p,DET,100,MIN,97,Box Score,,16069,
Sun,Nov,19,2017,8:00p,CHI,105,PHX,113,Box Score,,16264,
Sun,Nov,19,2017,3:30p,WAS,91,TOR,100,Box Score,,19800,
Mon,Nov,20,2017,7:00p,MIN,102,CHA,118,Box Score,,15978,
Mon,Nov,20,2017,8:30p,BOS,110,DAL,102,Box Score,OT,20302,
Mon,Nov,20,2017,7:00p,CLE,116,DET,88,Box Score,,20491,
Mon,Nov,20,2017,8:00p,POR,100,MEM,92,Box Score,,15785,
Mon,Nov,20,2017,8:00p,WAS,99,MIL,88,Box Score,,16122,
Mon,Nov,20,2017,8:00p,OKC,107,NOP,114,Box Score,,16765,
Mon,Nov,20,2017,7:30p,LAC,85,NYK,107,Box Score,,18848,
Mon,Nov,20,2017,7:00p,IND,105,ORL,97,Box Score,,17239,
Mon,Nov,20,2017,7:00p,UTA,86,PHI,107,Box Score,,20587,
Mon,Nov,20,2017,10:00p,DEN,114,SAC,98,Box Score,,17583,
Mon,Nov,20,2017,8:30p,ATL,85,SAS,96,Box Score,,18418,
Tue,Nov,21,2017,10:30p,CHI,94,LAL,103,Box Score,,18997,
Wed,Nov,22,2017,7:30p,LAC,116,ATL,103,Box Score,,12675,
Wed,Nov,22,2017,7:00p,WAS,124,CHA,129,Box Score,OT,16041,
Wed,Nov,22,2017,7:00p,BKN,109,CLE,119,Box Score,,20562,
Wed,Nov,22,2017,8:00p,DEN,95,HOU,125,Box Score,,18055,
Wed,Nov,22,2017,8:00p,DAL,95,MEM,94,Box Score,,16101,
Wed,Nov,22,2017,7:30p,BOS,98,MIA,104,Box Score,,19704,
Wed,Nov,22,2017,8:00p,ORL,118,MIN,124,Box Score,,16402,
Wed,Nov,22,2017,8:00p,SAS,90,NOP,107,Box Score,,17539,
Wed,Nov,22,2017,7:30p,TOR,100,NYK,108,Box Score,,19812,
Wed,Nov,22,2017,8:00p,GSW,91,OKC,108,Box Score,,18203,
Wed,Nov,22,2017,7:00p,POR,81,PHI,101,Box Score,,20605,
Wed,Nov,22,2017,9:00p,MIL,113,PHX,107,Box Score,OT,16270,
Wed,Nov,22,2017,10:30p,LAL,102,SAC,113,Box Score,,17583,
Wed,Nov,22,2017,9:00p,CHI,80,UTA,110,Box Score,,17434,
Fri,Nov,24,2017,7:30p,NYK,104,ATL,116,Box Score,,14355,
Fri,Nov,24,2017,7:30p,ORL,103,BOS,118,Box Score,,18624,
Fri,Nov,24,2017,12:00p,POR,127,BKN,125,Box Score,,15246,
Fri,Nov,24,2017,8:00p,CHA,99,CLE,100,Box Score,,20562,
Fri,Nov,24,2017,9:00p,MEM,92,DEN,104,Box Score,,16736,
Fri,Nov,24,2017,10:30p,CHI,94,GSW,143,Box Score,,19596,
Fri,Nov,24,2017,8:00p,TOR,104,IND,107,Box Score,,16523,
Fri,Nov,24,2017,8:00p,MIA,109,MIN,97,Box Score,,18978,
Fri,Nov,24,2017,8:00p,DET,99,OKC,98,Box Score,,18203,
Fri,Nov,24,2017,9:00p,NOP,115,PHX,91,Box Score,,16574,
Sat,Nov,25,2017,7:30p,TOR,112,ATL,78,Box Score,,12278,
Sat,Nov,25,2017,7:00p,SAS,106,CHA,86,Box Score,,18597,
Sat,Nov,25,2017,8:30p,OKC,81,DAL,97,Box Score,,20340,
Sat,Nov,25,2017,8:30p,NOP,95,GSW,110,Box Score,,19596,
Sat,Nov,25,2017,8:00p,NYK,102,HOU,117,Box Score,,18055,
Sat,Nov,25,2017,8:00p,BOS,108,IND,98,Box Score,,16303,
Sat,Nov,25,2017,7:00p,ORL,111,PHI,130,Box Score,,20585,
Sat,Nov,25,2017,10:00p,LAC,97,SAC,95,Box Score,,17583,
Sat,Nov,25,2017,9:00p,MIL,108,UTA,121,Box Score,,17298,
Sat,Nov,25,2017,7:00p,POR,108,WAS,105,Box Score,,18092,
Sun,Nov,26,2017,3:30p,MIA,100,CHI,93,Box Score,,20928,
Sun,Nov,26,2017,6:00p,BKN,98,MEM,88,Box Score,,14889,
Sun,Nov,26,2017,3:30p,PHX,108,MIN,119,Box Score,,16448,
Mon,Nov,27,2017,7:30p,DET,118,BOS,108,Box Score,,18624,
Mon,Nov,27,2017,10:30p,SAC,110,GSW,106,Box Score,,19596,
Mon,Nov,27,2017,8:00p,BKN,103,HOU,117,Box Score,,16189,
Mon,Nov,27,2017,7:00p,ORL,109,IND,121,Box Score,,12501,
Mon,Nov,27,2017,10:30p,LAL,115,LAC,120,Box Score,,18086,
Mon,Nov,27,2017,7:30p,POR,103,NYK,91,Box Score,,18409,
Mon,Nov,27,2017,7:00p,CLE,113,PHI,91,Box Score,,20527,
Mon,Nov,27,2017,8:30p,DAL,108,SAS,115,Box Score,,17918,
Tue,Nov,28,2017,8:00p,PHX,104,CHI,99,Box Score,,18324,
Tue,Nov,28,2017,7:00p,MIA,97,CLE,108,Box Score,,20562,
Tue,Nov,28,2017,8:00p,WAS,92,MIN,89,Box Score,,13442,
Tue,Nov,28,2017,10:00p,MIL,112,SAC,87,Box Score,,17583,
Tue,Nov,28,2017,10:00p,DEN,77,UTA,106,Box Score,,16790,
Wed,Nov,29,2017,8:30p,BKN,109,DAL,104,Box Score,,19327,
Wed,Nov,29,2017,7:00p,PHX,107,DET,131,Box Score,,18096,
Wed,Nov,29,2017,8:00p,IND,97,HOU,118,Box Score,,16760,
Wed,Nov,29,2017,10:30p,GSW,127,LAL,123,Box Score,OT,18997,
Wed,Nov,29,2017,8:00p,MIN,120,NOP,102,Box Score,,15555,
Wed,Nov,29,2017,7:30p,MIA,86,NYK,115,Box Score,,17693,
Wed,Nov,29,2017,7:00p,OKC,108,ORL,121,Box Score,,17797,
Wed,Nov,29,2017,7:00p,WAS,113,PHI,118,Box Score,,20492,
Wed,Nov,29,2017,8:30p,MEM,95,SAS,104,Box Score,,18013,
Wed,Nov,29,2017,7:30p,CHA,113,TOR,126,Box Score,,19800,
Thu,Nov,30,2017,7:30p,CLE,121,ATL,114,Box Score,,16379,
Thu,Nov,30,2017,7:30p,PHI,97,BOS,108,Box Score,,18624,
Thu,Nov,30,2017,9:00p,CHI,110,DEN,111,Box Score,,15156,
Thu,Nov,30,2017,10:30p,UTA,126,LAC,107,Box Score,,15139,
Thu,Nov,30,2017,10:00p,MIL,103,POR,91,Box Score,,19459,
Fri,Dec,1,2017,8:00p,SAC,107,CHI,106,Box Score,,19268,
Fri,Dec,1,2017,8:00p,SAS,95,MEM,79,Box Score,,16413,
Fri,Dec,1,2017,8:00p,CHA,100,MIA,105,Box Score,,19600,
Fri,Dec,1,2017,8:00p,MIN,107,OKC,111,Box Score,,18203,
Fri,Dec,1,2017,7:00p,GSW,133,ORL,112,Box Score,,18846,
Fri,Dec,1,2017,7:30p,IND,115,TOR,120,Box Score,,19800,
Fri,Dec,1,2017,9:00p,NOP,108,UTA,114,Box Score,,17725,
Fri,Dec,1,2017,7:00p,DET,91,WAS,109,Box Score,,17885,
Sat,Dec,2,2017,1:00p,PHX,111,BOS,116,Box Score,,18624,
Sat,Dec,2,2017,3:00p,ATL,114,BKN,102,Box Score,,13949,
Sat,Dec,2,2017,7:30p,MEM,111,CLE,116,Box Score,,20562,
Sat,Dec,2,2017,2:00p,LAC,82,DAL,108,Box Score,,19245,
Sat,Dec,2,2017,9:00p,LAL,100,DEN,115,Box Score,,19520,
Sat,Dec,2,2017,8:30p,SAC,104,MIL,109,Box Score,,15581,
Sat,Dec,2,2017,7:30p,DET,103,PHI,108,Box Score,,20562,
Sat,Dec,2,2017,10:00p,NOP,123,POR,116,Box Score,,18730,
Sun,Dec,3,2017,9:30p,HOU,118,LAL,95,Box Score,,18997,
Sun,Dec,3,2017,7:00p,GSW,123,MIA,95,Box Score,,19600,
Sun,Dec,3,2017,7:00p,LAC,106,MIN,112,Box Score,,13172,
Sun,Dec,3,2017,3:30p,ORL,105,NYK,100,Box Score,,19082,
Sun,Dec,3,2017,7:00p,SAS,87,OKC,90,Box Score,,18203,
Mon,Dec,4,2017,7:30p,BKN,110,ATL,90,Box Score,,12056,
Mon,Dec,4,2017,7:30p,MIL,100,BOS,111,Box Score,,18624,
Mon,Dec,4,2017,8:00p,CLE,113,CHI,91,Box Score,,21323,
Mon,Dec,4,2017,7:00p,ORL,94,CHA,104,Box Score,,14419,
Mon,Dec,4,2017,8:30p,DEN,105,DAL,122,Box Score,,19419,
Mon,Dec,4,2017,7:00p,NYK,97,IND,115,Box Score,,12018,
Mon,Dec,4,2017,8:00p,MIN,92,MEM,95,Box Score,,14012,
Mon,Dec,4,2017,8:00p,GSW,125,NOP,115,Box Score,,17004,
Mon,Dec,4,2017,7:00p,PHX,115,PHI,101,Box Score,,20564,
Mon,Dec,4,2017,8:30p,DET,93,SAS,96,Box Score,,18288,
Mon,Dec,4,2017,9:00p,WAS,69,UTA,116,Box Score,,17227,
Tue,Dec,5,2017,8:00p,UTA,94,OKC,100,Box Score,,18203,
Tue,Dec,5,2017,10:00p,WAS,106,POR,92,Box Score,,19241,
Tue,Dec,5,2017,7:30p,PHX,113,TOR,126,Box Score,,19800,
Wed,Dec,6,2017,7:30p,DAL,90,BOS,97,Box Score,,18624,
Wed,Dec,6,2017,8:00p,GSW,101,CHA,87,Box Score,,19334,
Wed,Dec,6,2017,7:00p,SAC,95,CLE,101,Box Score,,20562,
Wed,Dec,6,2017,7:00p,CHI,96,IND,98,Box Score,,13013,
Wed,Dec,6,2017,10:30p,MIN,113,LAC,107,Box Score,,15951,
Wed,Dec,6,2017,8:00p,DET,100,MIL,104,Box Score,,15841,
Wed,Dec,6,2017,8:00p,DEN,114,NOP,123,Box Score,,15353,
Wed,Dec,6,2017,7:30p,MEM,88,NYK,99,Box Score,,19812,
Wed,Dec,6,2017,7:00p,ATL,106,ORL,110,Box Score,OT,16167,
Wed,Dec,6,2017,8:30p,MIA,105,SAS,117,Box Score,,18252,
Thu,Dec,7,2017,10:00p,OKC,95,BKN,100,Box Score,,20562,at Mexico City Mexico
Thu,Dec,7,2017,8:00p,LAL,107,PHI,104,Box Score,,20495,
Thu,Dec,7,2017,9:00p,WAS,109,PHX,99,Box Score,,15925,
Thu,Dec,7,2017,10:30p,HOU,112,UTA,101,Box Score,,18306,
Fri,Dec,8,2017,7:00p,CHI,119,CHA,111,Box Score,OT,14077,
Fri,Dec,8,2017,7:00p,GSW,102,DET,98,Box Score,,20491,
Fri,Dec,8,2017,7:00p,CLE,102,IND,106,Box Score,,17032,
Fri,Dec,8,2017,8:00p,TOR,116,MEM,107,Box Score,,15417,
Fri,Dec,8,2017,8:00p,DAL,102,MIL,109,Box Score,,15889,
Fri,Dec,8,2017,8:00p,SAC,116,NOP,109,Box Score,OT,15019,
Fri,Dec,8,2017,7:00p,DEN,103,ORL,89,Box Score,,16024,
Fri,Dec,8,2017,9:30p,BOS,102,SAS,105,Box Score,,18418,
Sat,Dec,9,2017,7:30p,ORL,110,ATL,117,Box Score,,12719,
Sat,Dec,9,2017,6:00p,MIA,101,BKN,89,Box Score,,19777,at Mexico City Mexico
Sat,Dec,9,2017,8:00p,NYK,102,CHI,104,Box Score,,20149,
Sat,Dec,9,2017,7:00p,LAL,110,CHA,99,Box Score,,19320,
Sat,Dec,9,2017,8:00p,PHI,98,CLE,105,Box Score,,20562,
Sat,Dec,9,2017,3:30p,WAS,112,LAC,113,Box Score,,15739,
Sat,Dec,9,2017,9:00p,OKC,102,MEM,101,Box Score,OT,17794,
Sat,Dec,9,2017,8:30p,UTA,100,MIL,117,Box Score,,16675,
Sat,Dec,9,2017,9:00p,SAS,104,PHX,101,Box Score,,16575,
Sat,Dec,9,2017,10:00p,HOU,124,POR,117,Box Score,,19503,
Sun,Dec,10,2017,4:00p,BOS,91,DET,81,Box Score,,18776,
Sun,Dec,10,2017,5:00p,DEN,116,IND,126,Box Score,OT,14587,
Sun,Dec,10,2017,7:00p,DAL,92,MIN,97,Box Score,,13094,
Sun,Dec,10,2017,7:00p,PHI,124,NOP,131,Box Score,,16878,
Sun,Dec,10,2017,7:30p,ATL,107,NYK,111,Box Score,,19189,
Sun,Dec,10,2017,3:30p,TOR,102,SAC,87,Box Score,,17583,
Mon,Dec,11,2017,8:00p,BOS,85,CHI,108,Box Score,,19617,
Mon,Dec,11,2017,10:30p,POR,104,GSW,111,Box Score,,19596,
Mon,Dec,11,2017,8:00p,NOP,123,HOU,130,Box Score,,18055,
Mon,Dec,11,2017,10:30p,TOR,91,LAC,96,Box Score,,16658,
Mon,Dec,11,2017,8:00p,MIA,107,MEM,82,Box Score,,14857,
Mon,Dec,11,2017,8:00p,CHA,116,OKC,103,Box Score,,18203,
Tue,Dec,12,2017,7:30p,WAS,98,BKN,103,Box Score,,14515,
Tue,Dec,12,2017,7:00p,ATL,114,CLE,123,Box Score,,20562,
Tue,Dec,12,2017,8:30p,SAS,89,DAL,95,Box Score,,19874,
Tue,Dec,12,2017,7:00p,DEN,103,DET,84,Box Score,,15480,
Tue,Dec,12,2017,9:30p,PHI,118,MIN,112,Box Score,OT,14659,
Tue,Dec,12,2017,7:00p,LAL,109,NYK,113,Box Score,OT,19359,
Tue,Dec,12,2017,10:00p,PHX,92,SAC,99,Box Score,,17583,
Wed,Dec,13,2017,7:30p,DEN,118,BOS,124,Box Score,,18624,
Wed,Dec,13,2017,8:00p,UTA,100,CHI,103,Box Score,,18102,
Wed,Dec,13,2017,9:30p,CHA,96,HOU,108,Box Score,,16509,
Wed,Dec,13,2017,7:00p,OKC,100,IND,95,Box Score,,17923,
Wed,Dec,13,2017,7:30p,POR,102,MIA,95,Box Score,,19600,
Wed,Dec,13,2017,8:00p,MIL,108,NOP,115,Box Score,,16863,
Wed,Dec,13,2017,7:00p,LAC,106,ORL,95,Box Score,,16011,
Wed,Dec,13,2017,9:00p,TOR,115,PHX,109,Box Score,,15517,
Wed,Dec,13,2017,7:00p,MEM,87,WAS,93,Box Score,,15297,
Thu,Dec,14,2017,7:30p,DET,105,ATL,91,Box Score,,13548,
Thu,Dec,14,2017,7:30p,NYK,111,BKN,104,Box Score,,17732,
Thu,Dec,14,2017,8:00p,LAL,112,CLE,121,Box Score,,20562,
Thu,Dec,14,2017,10:30p,DAL,97,GSW,112,Box Score,,19596,
Thu,Dec,14,2017,8:00p,SAC,96,MIN,119,Box Score,,11126,
Fri,Dec,15,2017,7:30p,UTA,107,BOS,95,Box Score,,18624,
Fri,Dec,15,2017,7:00p,MIA,104,CHA,98,Box Score,,15565,
Fri,Dec,15,2017,9:00p,NOP,111,DEN,117,Box Score,OT,17584,
Fri,Dec,15,2017,9:30p,SAS,109,HOU,124,Box Score,,18055,
Fri,Dec,15,2017,7:00p,DET,104,IND,98,Box Score,,14687,
Fri,Dec,15,2017,8:00p,ATL,94,MEM,96,Box Score,,15803,
Fri,Dec,15,2017,8:00p,CHI,115,MIL,109,Box Score,,16921,
Fri,Dec,15,2017,7:00p,POR,95,ORL,88,Box Score,,16963,
Fri,Dec,15,2017,7:00p,OKC,119,PHI,117,Box Score,3OT,20612,
Fri,Dec,15,2017,7:30p,BKN,87,TOR,120,Box Score,,19800,
Fri,Dec,15,2017,7:00p,LAC,91,WAS,100,Box Score,,15442,
Sat,Dec,16,2017,7:00p,POR,93,CHA,91,Box Score,,16687,
Sat,Dec,16,2017,7:30p,UTA,100,CLE,109,Box Score,,20562,
Sat,Dec,16,2017,8:00p,MIL,111,HOU,115,Box Score,,18055,
Sat,Dec,16,2017,9:00p,BOS,102,MEM,93,Box Score,,17794,
Sat,Dec,16,2017,8:00p,LAC,85,MIA,90,Box Score,,19600,
Sat,Dec,16,2017,8:00p,PHX,108,MIN,106,Box Score,,18109,
Sat,Dec,16,2017,7:30p,OKC,96,NYK,111,Box Score,,19812,
Sat,Dec,16,2017,8:30p,DAL,96,SAS,98,Box Score,,18418,
Sun,Dec,17,2017,6:00p,IND,109,BKN,97,Box Score,,13934,
Sun,Dec,17,2017,4:00p,ORL,110,DET,114,Box Score,,16312,
Sun,Dec,17,2017,3:30p,SAC,93,TOR,108,Box Score,,19800,
Sun,Dec,17,2017,6:00p,CLE,106,WAS,99,Box Score,,20356,
Mon,Dec,18,2017,7:30p,MIA,104,ATL,110,Box Score,,14227,
Mon,Dec,18,2017,8:00p,PHI,115,CHI,117,Box Score,,20796,
Mon,Dec,18,2017,7:00p,NYK,91,CHA,109,Box Score,,15386,
Mon,Dec,18,2017,8:30p,PHX,97,DAL,91,Box Score,,19245,
Mon,Dec,18,2017,8:00p,UTA,99,HOU,120,Box Score,,18055,
Mon,Dec,18,2017,7:00p,BOS,112,IND,111,Box Score,,16055,
Mon,Dec,18,2017,10:30p,GSW,116,LAL,114,Box Score,OT,18997,
Mon,Dec,18,2017,8:00p,POR,107,MIN,108,Box Score,,14187,
Mon,Dec,18,2017,8:00p,DEN,94,OKC,95,Box Score,,18203,
Mon,Dec,18,2017,8:30p,LAC,91,SAS,109,Box Score,,18418,
Tue,Dec,19,2017,8:00p,CLE,116,MIL,119,Box Score,,18717,
Tue,Dec,19,2017,7:00p,SAC,101,PHI,95,Box Score,,20558,
Tue,Dec,19,2017,7:00p,NOP,106,WAS,116,Box Score,,16529,
Wed,Dec,20,2017,7:30p,IND,105,ATL,95,Box Score,,14830,
Wed,Dec,20,2017,7:30p,MIA,90,BOS,89,Box Score,,18624,
Wed,Dec,20,2017,7:30p,SAC,104,BKN,99,Box Score,,13179,
Wed,Dec,20,2017,8:00p,ORL,94,CHI,112,Box Score,,20285,
Wed,Dec,20,2017,7:00p,TOR,129,CHA,111,Box Score,,15023,
Wed,Dec,20,2017,8:30p,DET,93,DAL,110,Box Score,,19580,
Wed,Dec,20,2017,9:00p,MIN,112,DEN,104,Box Score,,17002,
Wed,Dec,20,2017,10:30p,MEM,84,GSW,97,Box Score,,19596,
Wed,Dec,20,2017,8:00p,LAL,122,HOU,116,Box Score,,18055,
Wed,Dec,20,2017,10:30p,PHX,95,LAC,108,Box Score,,17151,
Wed,Dec,20,2017,8:00p,UTA,79,OKC,107,Box Score,,18203,
Wed,Dec,20,2017,10:00p,SAS,93,POR,91,Box Score,,19393,
Thu,Dec,21,2017,7:00p,CHI,112,CLE,115,Box Score,,20562,
Thu,Dec,21,2017,8:00p,BOS,93,NYK,102,Box Score,,19812,
Thu,Dec,21,2017,7:00p,TOR,114,PHI,109,Box Score,,20680,
Thu,Dec,21,2017,9:00p,MEM,95,PHX,97,Box Score,,16339,
Thu,Dec,21,2017,10:30p,SAS,89,UTA,100,Box Score,,18306,
Fri,Dec,22,2017,7:30p,WAS,84,BKN,119,Box Score,,15589,
Fri,Dec,22,2017,7:00p,NYK,101,DET,104,Box Score,,16922,
Fri,Dec,22,2017,10:30p,LAL,106,GSW,113,Box Score,,19596,
Fri,Dec,22,2017,8:00p,LAC,128,HOU,118,Box Score,,18055,
Fri,Dec,22,2017,8:00p,DAL,101,MIA,113,Box Score,,19600,
Fri,Dec,22,2017,8:00p,CHA,104,MIL,109,Box Score,,17018,
Fri,Dec,22,2017,8:00p,ATL,117,OKC,120,Box Score,,18203,
Fri,Dec,22,2017,7:00p,NOP,111,ORL,97,Box Score,,18846,
Fri,Dec,22,2017,10:00p,DEN,102,POR,85,Box Score,,19473,
Sat,Dec,23,2017,7:30p,DAL,107,ATL,112,Box Score,,13402,
Sat,Dec,23,2017,7:30p,CHI,92,BOS,117,Box Score,,18624,
Sat,Dec,23,2017,7:00p,MIL,106,CHA,111,Box Score,,18363,
Sat,Dec,23,2017,8:30p,DEN,96,GSW,81,Box Score,,19596,
Sat,Dec,23,2017,7:00p,BKN,119,IND,123,Box Score,OT,17107,
Sat,Dec,23,2017,9:30p,POR,95,LAL,92,Box Score,,18997,
Sat,Dec,23,2017,8:00p,LAC,112,MEM,115,Box Score,,16844,
Sat,Dec,23,2017,8:00p,NOP,109,MIA,94,Box Score,,19600,
Sat,Dec,23,2017,9:00p,MIN,115,PHX,106,Box Score,,16482,
Sat,Dec,23,2017,10:00p,SAS,108,SAC,99,Box Score,,17583,
Sat,Dec,23,2017,5:00p,PHI,86,TOR,102,Box Score,,19800,
Sat,Dec,23,2017,8:00p,OKC,103,UTA,89,Box Score,,18306,
Sat,Dec,23,2017,7:00p,ORL,103,WAS,130,Box Score,,17218,
Mon,Dec,25,2017,5:30p,WAS,111,BOS,103,Box Score,,18624,
Mon,Dec,25,2017,3:00p,CLE,92,GSW,99,Box Score,,19596,
Mon,Dec,25,2017,10:30p,MIN,121,LAL,104,Box Score,,18997,
Mon,Dec,25,2017,12:00p,PHI,105,NYK,98,Box Score,,19812,
Mon,Dec,25,2017,8:00p,HOU,107,OKC,112,Box Score,,18203,
Tue,Dec,26,2017,7:00p,TOR,93,DAL,98,Box Score,,20005,
Tue,Dec,26,2017,9:00p,UTA,83,DEN,107,Box Score,,17104,
Tue,Dec,26,2017,7:00p,IND,83,DET,107,Box Score,,20491,
Tue,Dec,26,2017,10:30p,SAC,95,LAC,122,Box Score,,16393,
Tue,Dec,26,2017,7:30p,ORL,89,MIA,107,Box Score,,19600,
Tue,Dec,26,2017,8:00p,CHI,115,MIL,106,Box Score,,18717,
Tue,Dec,26,2017,9:00p,MEM,97,PHX,99,Box Score,,17105,
Tue,Dec,26,2017,8:30p,BKN,97,SAS,109,Box Score,,18492,
Wed,Dec,27,2017,7:30p,WAS,99,ATL,113,Box Score,,15763,
Wed,Dec,27,2017,8:00p,NYK,87,CHI,92,Box Score,,21883,
Wed,Dec,27,2017,7:00p,BOS,102,CHA,91,Box Score,,19611,
Wed,Dec,27,2017,10:30p,UTA,101,GSW,126,Box Score,,19596,
Wed,Dec,27,2017,7:00p,DAL,98,IND,94,Box Score,,17923,
Wed,Dec,27,2017,10:30p,MEM,109,LAL,99,Box Score,,18997,
Wed,Dec,27,2017,8:00p,DEN,125,MIN,128,Box Score,OT,18978,
Wed,Dec,27,2017,8:00p,BKN,113,NOP,128,Box Score,,16707,
Wed,Dec,27,2017,8:00p,TOR,107,OKC,124,Box Score,,18203,
Wed,Dec,27,2017,10:00p,CLE,95,SAC,109,Box Score,,17583,
Thu,Dec,28,2017,8:00p,HOU,98,BOS,99,Box Score,,18624,
Thu,Dec,28,2017,8:00p,MIN,96,MIL,102,Box Score,,18717,
Thu,Dec,28,2017,7:00p,DET,89,ORL,102,Box Score,,18846,
Thu,Dec,28,2017,10:30p,PHI,110,POR,114,Box Score,,20104,
Thu,Dec,28,2017,8:30p,NYK,107,SAS,119,Box Score,,18935,
Fri,Dec,29,2017,8:00p,IND,107,CHI,119,Box Score,,21178,
Fri,Dec,29,2017,10:30p,CHA,111,GSW,100,Box Score,,19596,
Fri,Dec,29,2017,10:30p,LAC,121,LAL,106,Box Score,,18997,
Fri,Dec,29,2017,8:00p,BKN,111,MIA,87,Box Score,,19600,
Fri,Dec,29,2017,8:00p,DAL,128,NOP,120,Box Score,,16878,
Fri,Dec,29,2017,8:00p,MIL,97,OKC,95,Box Score,,18203,
Fri,Dec,29,2017,10:00p,PHX,111,SAC,101,Box Score,,17583,
Fri,Dec,29,2017,7:30p,ATL,98,TOR,111,Box Score,,19800,
Fri,Dec,29,2017,7:00p,HOU,103,WAS,121,Box Score,,20356,
Sat,Dec,30,2017,7:30p,POR,89,ATL,104,Box Score,,15877,
Sat,Dec,30,2017,9:00p,PHI,107,DEN,102,Box Score,,19599,
Sat,Dec,30,2017,7:00p,SAS,79,DET,93,Box Score,,19671,
Sat,Dec,30,2017,8:30p,MEM,128,GSW,141,Box Score,,19596,
Sat,Dec,30,2017,7:00p,NYK,105,NOP,103,Box Score,,16947,
Sat,Dec,30,2017,7:00p,MIA,117,ORL,111,Box Score,,18846,
Sat,Dec,30,2017,8:00p,CLE,101,UTA,104,Box Score,,18306,
Sun,Dec,31,2017,5:30p,BKN,105,BOS,108,Box Score,,18624,
Sun,Dec,31,2017,7:00p,LAL,142,HOU,148,Box Score,2OT,18179,
Sun,Dec,31,2017,5:00p,MIN,107,IND,90,Box Score,,17923,
Sun,Dec,31,2017,7:00p,CHA,98,LAC,106,Box Score,,17348,
Sun,Dec,31,2017,7:00p,DAL,116,OKC,113,Box Score,,18203,
Sun,Dec,31,2017,8:00p,PHI,123,PHX,110,Box Score,,16983,
Sun,Dec,31,2017,7:00p,MEM,114,SAC,96,Box Score,,17583,
Sun,Dec,31,2017,3:30p,CHI,110,WAS,114,Box Score,,20356,
Mon,Jan,1,2018,7:30p,ORL,95,BKN,98,Box Score,,16164,
Mon,Jan,1,2018,8:00p,POR,124,CHI,120,Box Score,OT,20860,
Mon,Jan,1,2018,8:00p,LAL,96,MIN,114,Box Score,,18978,
Mon,Jan,1,2018,7:30p,MIL,127,TOR,131,Box Score,OT,19800,
Tue,Jan,2,2018,7:00p,POR,110,CLE,127,Box Score,,20562,
Tue,Jan,2,2018,10:30p,MEM,105,LAC,113,Box Score,,15711,
Tue,Jan,2,2018,7:30p,SAS,100,NYK,91,Box Score,,19812,
Tue,Jan,2,2018,9:00p,ATL,103,PHX,104,Box Score,,15921,
Tue,Jan,2,2018,10:00p,CHA,131,SAC,111,Box Score,,17583,
Wed,Jan,3,2018,8:00p,CLE,88,BOS,102,Box Score,,18624,
Wed,Jan,3,2018,7:30p,MIN,97,BKN,98,Box Score,,16215,
Wed,Jan,3,2018,8:00p,TOR,124,CHI,115,Box Score,,20056,
Wed,Jan,3,2018,8:30p,GSW,125,DAL,122,Box Score,,20212,
Wed,Jan,3,2018,9:00p,PHX,111,DEN,134,Box Score,,14079,
Wed,Jan,3,2018,10:30p,OKC,133,LAL,96,Box Score,,18997,
Wed,Jan,3,2018,7:30p,DET,104,MIA,111,Box Score,,19600,
Wed,Jan,3,2018,8:00p,IND,101,MIL,122,Box Score,,15613,
Wed,Jan,3,2018,7:00p,HOU,116,ORL,98,Box Score,,18588,
Wed,Jan,3,2018,7:00p,SAS,106,PHI,112,Box Score,,20642,
Wed,Jan,3,2018,9:00p,NOP,108,UTA,98,Box Score,,18306,
Wed,Jan,3,2018,7:00p,NYK,103,WAS,121,Box Score,,17206,
Thu,Jan,4,2018,8:00p,GSW,124,HOU,114,Box Score,,18055,
Thu,Jan,4,2018,10:30p,OKC,127,LAC,117,Box Score,,19068,
Fri,Jan,5,2018,7:00p,MIN,84,BOS,91,Box Score,,18624,
Fri,Jan,5,2018,8:30p,CHI,127,DAL,124,Box Score,,20073,
Fri,Jan,5,2018,9:00p,UTA,91,DEN,99,Box Score,,15557,
Fri,Jan,5,2018,10:30p,CHA,108,LAL,94,Box Score,,18997,
Fri,Jan,5,2018,9:30p,WAS,102,MEM,100,Box Score,,16988,
Fri,Jan,5,2018,8:00p,NYK,103,MIA,107,Box Score,OT,19600,
Fri,Jan,5,2018,8:00p,TOR,129,MIL,110,Box Score,,18717,
Fri,Jan,5,2018,7:00p,DET,78,PHI,114,Box Score,,20592,
Fri,Jan,5,2018,10:00p,ATL,89,POR,110,Box Score,,19393,
Fri,Jan,5,2018,8:30p,PHX,89,SAS,103,Box Score,,18501,
Sat,Jan,6,2018,6:00p,BOS,87,BKN,85,Box Score,,17732,
Sat,Jan,6,2018,7:00p,HOU,101,DET,108,Box Score,,18046,
Sat,Jan,6,2018,7:00p,CHI,86,IND,125,Box Score,,17923,
Sat,Jan,6,2018,3:30p,GSW,121,LAC,105,Box Score,,19068,
Sat,Jan,6,2018,9:00p,NOP,98,MIN,116,Box Score,,18978,
Sat,Jan,6,2018,7:00p,CLE,131,ORL,127,Box Score,,18997,
Sat,Jan,6,2018,10:00p,DEN,98,SAC,106,Box Score,,17583,
Sat,Jan,6,2018,8:00p,MIL,110,WAS,103,Box Score,,18762,
Sun,Jan,7,2018,7:00p,NYK,100,DAL,96,Box Score,,20171,
Sun,Jan,7,2018,9:30p,ATL,113,LAL,132,Box Score,,18997,
Sun,Jan,7,2018,3:30p,UTA,102,MIA,103,Box Score,,19600,
Sun,Jan,7,2018,8:00p,OKC,100,PHX,114,Box Score,,18055,
Sun,Jan,7,2018,9:00p,SAS,110,POR,111,Box Score,,19393,
Mon,Jan,8,2018,7:30p,TOR,114,BKN,113,Box Score,OT,13681,
Mon,Jan,8,2018,8:00p,HOU,116,CHI,107,Box Score,,17462,
Mon,Jan,8,2018,10:30p,DEN,114,GSW,124,Box Score,,19596,
Mon,Jan,8,2018,7:00p,MIL,96,IND,109,Box Score,,14670,
Mon,Jan,8,2018,10:30p,ATL,107,LAC,108,Box Score,,14624,
Mon,Jan,8,2018,8:00p,CLE,99,MIN,127,Box Score,,18978,
Mon,Jan,8,2018,8:00p,DET,109,NOP,112,Box Score,,12874,
Mon,Jan,8,2018,10:00p,SAS,107,SAC,100,Box Score,,17583,
Tue,Jan,9,2018,8:30p,ORL,99,DAL,114,Box Score,,19306,
Tue,Jan,9,2018,10:30p,SAC,86,LAL,99,Box Score,,18997,
Tue,Jan,9,2018,8:00p,POR,117,OKC,106,Box Score,,18203,
Tue,Jan,9,2018,7:30p,MIA,90,TOR,89,Box Score,,19800,
Wed,Jan,10,2018,7:30p,DET,114,BKN,80,Box Score,,13457,
Wed,Jan,10,2018,7:00p,DAL,115,CHA,111,Box Score,,14462,
Wed,Jan,10,2018,9:00p,ATL,110,DEN,97,Box Score,,14182,
Wed,Jan,10,2018,10:30p,LAC,125,GSW,106,Box Score,,19596,
Wed,Jan,10,2018,8:00p,POR,112,HOU,121,Box Score,,18055,
Wed,Jan,10,2018,7:00p,MIA,114,IND,106,Box Score,,14540,
Wed,Jan,10,2018,8:00p,NOP,102,MEM,105,Box Score,,14312,
Wed,Jan,10,2018,8:00p,ORL,103,MIL,110,Box Score,,14543,
Wed,Jan,10,2018,8:00p,OKC,88,MIN,104,Box Score,,18978,
Wed,Jan,10,2018,7:30p,CHI,122,NYK,119,Box Score,2OT,19812,
Wed,Jan,10,2018,7:00p,UTA,107,WAS,104,Box Score,,15640,
Thu,Jan,11,2018,10:30p,SAS,81,LAL,93,Box Score,,18997,
Thu,Jan,11,2018,3:00p,BOS,114,PHI,103,Box Score,,19078,at London England
Thu,Jan,11,2018,10:00p,LAC,121,SAC,115,Box Score,,17583,
Thu,Jan,11,2018,8:00p,CLE,99,TOR,133,Box Score,,19923,
Fri,Jan,12,2018,7:30p,BKN,110,ATL,105,Box Score,,13093,
Fri,Jan,12,2018,7:00p,UTA,88,CHA,99,Box Score,,14848,
Fri,Jan,12,2018,9:00p,MEM,78,DEN,87,Box Score,,15607,
Fri,Jan,12,2018,7:00p,CLE,95,IND,97,Box Score,,17923,
Fri,Jan,12,2018,8:00p,GSW,108,MIL,94,Box Score,,18717,
Fri,Jan,12,2018,8:00p,NYK,108,MIN,118,Box Score,,18978,
Fri,Jan,12,2018,8:00p,POR,113,NOP,119,Box Score,,17003,
Fri,Jan,12,2018,10:30p,HOU,112,PHX,95,Box Score,,18055,
Fri,Jan,12,2018,7:00p,ORL,119,WAS,125,Box Score,,18171,
Sat,Jan,13,2018,8:00p,DET,105,CHI,107,Box Score,,21613,
Sat,Jan,13,2018,5:00p,OKC,101,CHA,91,Box Score,,19624,
Sat,Jan,13,2018,2:00p,LAL,107,DAL,101,Box Score,OT,20209,
Sat,Jan,13,2018,3:30p,SAC,105,LAC,126,Box Score,,16656,
Sat,Jan,13,2018,8:30p,DEN,80,SAS,112,Box Score,,18418,
Sat,Jan,13,2018,7:30p,GSW,127,TOR,125,Box Score,,20078,
Sat,Jan,13,2018,7:00p,BKN,113,WAS,119,Box Score,OT,18354,
Sun,Jan,14,2018,1:00p,MIL,79,MIA,97,Box Score,,19600,
Sun,Jan,14,2018,9:00p,POR,103,MIN,120,Box Score,,14739,
Sun,Jan,14,2018,3:30p,NOP,123,NYK,118,Box Score,OT,19812,
Sun,Jan,14,2018,8:00p,IND,120,PHX,97,Box Score,,17091,
Mon,Jan,15,2018,3:00p,SAS,99,ATL,102,Box Score,,15806,
Mon,Jan,15,2018,3:00p,NYK,119,BKN,104,Box Score,,17732,
Mon,Jan,15,2018,3:30p,MIA,111,CHI,119,Box Score,,20546,
Mon,Jan,15,2018,8:00p,GSW,118,CLE,108,Box Score,,20562,
Mon,Jan,15,2018,12:30p,CHA,118,DET,107,Box Score,,17200,
Mon,Jan,15,2018,10:30p,HOU,102,LAC,113,Box Score,,17622,
Mon,Jan,15,2018,5:30p,LAL,114,MEM,123,Box Score,,17794,
Mon,Jan,15,2018,8:00p,SAC,88,OKC,95,Box Score,,18203,
Mon,Jan,15,2018,1:00p,TOR,111,PHI,117,Box Score,,20637,
Mon,Jan,15,2018,9:00p,IND,109,UTA,94,Box Score,,18306,
Mon,Jan,15,2018,2:00p,MIL,104,WAS,95,Box Score,,19607,
Tue,Jan,16,2018,7:30p,NOP,116,BOS,113,Box Score,OT,18624,
Tue,Jan,16,2018,9:00p,DAL,102,DEN,105,Box Score,,14097,
Tue,Jan,16,2018,7:00p,MIN,102,ORL,108,Box Score,,18589,
Tue,Jan,16,2018,10:00p,PHX,111,POR,118,Box Score,,18604,
Wed,Jan,17,2018,7:30p,NOP,93,ATL,94,Box Score,,10894,
Wed,Jan,17,2018,7:30p,SAS,100,BKN,95,Box Score,,15425,
Wed,Jan,17,2018,8:00p,GSW,119,CHI,112,Box Score,,21372,
Wed,Jan,17,2018,7:00p,WAS,109,CHA,133,Box Score,,11528,
Wed,Jan,17,2018,10:30p,DEN,104,LAC,109,Box Score,,15043,
Wed,Jan,17,2018,8:00p,NYK,99,MEM,105,Box Score,,12885,
Wed,Jan,17,2018,8:00p,MIA,106,MIL,101,Box Score,,16695,
Wed,Jan,17,2018,8:00p,LAL,90,OKC,114,Box Score,,18203,
Wed,Jan,17,2018,10:00p,UTA,120,SAC,105,Box Score,,17583,
Wed,Jan,17,2018,7:30p,DET,91,TOR,96,Box Score,,19800,
Thu,Jan,18,2018,7:00p,PHI,89,BOS,80,Box Score,,18624,
Thu,Jan,18,2018,7:00p,ORL,103,CLE,104,Box Score,,20562,
Thu,Jan,18,2018,9:30p,MIN,98,HOU,116,Box Score,,18055,
Thu,Jan,18,2018,10:00p,IND,86,POR,100,Box Score,,19071,
Fri,Jan,19,2018,7:30p,MIA,95,BKN,101,Box Score,,17732,
Fri,Jan,19,2018,9:00p,PHX,108,DEN,100,Box Score,,15732,
Fri,Jan,19,2018,8:00p,WAS,122,DET,112,Box Score,,14744,
Fri,Jan,19,2018,10:30p,IND,86,LAL,99,Box Score,,18997,
Fri,Jan,19,2018,8:00p,SAC,88,MEM,106,Box Score,,16831,
Fri,Jan,19,2018,7:00p,SAS,83,TOR,86,Box Score,,19800,
Fri,Jan,19,2018,10:30p,NYK,117,UTA,115,Box Score,,18306,
Sat,Jan,20,2018,5:00p,CHI,113,ATL,97,Box Score,,15597,
Sat,Jan,20,2018,7:00p,MIA,106,CHA,105,Box Score,,18687,
Sat,Jan,20,2018,3:30p,OKC,148,CLE,124,Box Score,,20562,
Sat,Jan,20,2018,8:30p,GSW,108,HOU,116,Box Score,,18055,
Sat,Jan,20,2018,9:00p,TOR,109,MIN,115,Box Score,,17828,
Sat,Jan,20,2018,7:00p,MEM,104,NOP,111,Box Score,,18212,
Sat,Jan,20,2018,7:30p,MIL,94,PHI,116,Box Score,,20826,
Sat,Jan,20,2018,10:00p,DAL,108,POR,117,Box Score,,19464,
Sat,Jan,20,2018,9:00p,LAC,113,UTA,125,Box Score,,18306,
Sun,Jan,21,2018,1:00p,ORL,103,BOS,95,Box Score,,18624,
Sun,Jan,21,2018,4:00p,BKN,101,DET,100,Box Score,,17554,
Sun,Jan,21,2018,3:30p,NYK,107,LAL,127,Box Score,,18997,
Sun,Jan,21,2018,7:00p,IND,94,SAS,86,Box Score,,18418,
Mon,Jan,22,2018,7:30p,UTA,90,ATL,104,Box Score,,11096,
Mon,Jan,22,2018,7:00p,SAC,107,CHA,112,Box Score,,11806,
Mon,Jan,22,2018,8:30p,WAS,75,DAL,98,Box Score,,19328,
Mon,Jan,22,2018,9:00p,POR,101,DEN,104,Box Score,,14474,
Mon,Jan,22,2018,8:00p,MIA,90,HOU,99,Box Score,,18055,
Mon,Jan,22,2018,10:30p,MIN,126,LAC,118,Box Score,,16347,
Mon,Jan,22,2018,8:00p,PHI,101,MEM,105,Box Score,,14288,
Mon,Jan,22,2018,8:00p,PHX,105,MIL,109,Box Score,,14766,
Mon,Jan,22,2018,8:00p,CHI,128,NOP,132,Box Score,2OT,17101,
Tue,Jan,23,2018,10:30p,NYK,112,GSW,123,Box Score,,19596,
Tue,Jan,23,2018,10:30p,BOS,107,LAL,108,Box Score,,18997,
Tue,Jan,23,2018,8:00p,BKN,108,OKC,109,Box Score,,18203,
Tue,Jan,23,2018,7:00p,SAC,105,ORL,99,Box Score,,18846,
Tue,Jan,23,2018,8:00p,CLE,102,SAS,114,Box Score,,18418,
Wed,Jan,24,2018,7:30p,TOR,108,ATL,93,Box Score,,12780,
Wed,Jan,24,2018,7:00p,NOP,101,CHA,96,Box Score,,14588,
Wed,Jan,24,2018,8:00p,HOU,104,DAL,97,Box Score,,19378,
Wed,Jan,24,2018,7:00p,UTA,98,DET,95,Box Score,OT,15682,
Wed,Jan,24,2018,7:00p,PHX,101,IND,116,Box Score,,14060,
Wed,Jan,24,2018,10:30p,BOS,113,LAC,102,Box Score,,19430,
Wed,Jan,24,2018,8:00p,SAS,108,MEM,85,Box Score,,15812,
Wed,Jan,24,2018,7:00p,CHI,101,PHI,115,Box Score,,20547,
Wed,Jan,24,2018,10:00p,MIN,114,POR,123,Box Score,,18920,
Thu,Jan,25,2018,9:00p,NYK,118,DEN,130,Box Score,,15482,
Thu,Jan,25,2018,10:30p,MIN,113,GSW,126,Box Score,,19596,
Thu,Jan,25,2018,7:30p,SAC,89,MIA,88,Box Score,,19600,
Thu,Jan,25,2018,8:00p,WAS,112,OKC,121,Box Score,,18203,
Fri,Jan,26,2018,8:00p,LAL,108,CHI,103,Box Score,,21827,
Fri,Jan,26,2018,7:00p,ATL,110,CHA,121,Box Score,,15479,
Fri,Jan,26,2018,7:30p,IND,108,CLE,115,Box Score,,20562,
Fri,Jan,26,2018,8:30p,POR,107,DAL,93,Box Score,,19876,
Fri,Jan,26,2018,8:00p,LAC,109,MEM,100,Box Score,,16369,
Fri,Jan,26,2018,8:00p,BKN,91,MIL,116,Box Score,,18717,
Fri,Jan,26,2018,8:00p,HOU,113,NOP,115,Box Score,,17186,
Fri,Jan,26,2018,9:00p,NYK,107,PHX,85,Box Score,,17068,
Fri,Jan,26,2018,8:30p,PHI,97,SAS,78,Box Score,,18418,
Fri,Jan,26,2018,7:30p,UTA,97,TOR,93,Box Score,,19800,
Sat,Jan,27,2018,7:30p,WAS,129,ATL,104,Box Score,,15843,
Sat,Jan,27,2018,9:00p,DAL,89,DEN,91,Box Score,,19520,
Sat,Jan,27,2018,5:00p,OKC,121,DET,108,Box Score,,20491,
Sat,Jan,27,2018,8:30p,BOS,105,GSW,109,Box Score,,19596,
Sat,Jan,27,2018,7:00p,ORL,112,IND,114,Box Score,,17923,
Sat,Jan,27,2018,7:30p,CHA,91,MIA,95,Box Score,,19600,
Sat,Jan,27,2018,9:00p,BKN,97,MIN,111,Box Score,,16231,
Sun,Jan,28,2018,3:30p,MIL,110,CHI,96,Box Score,,21630,
Sun,Jan,28,2018,6:00p,DET,104,CLE,121,Box Score,,20562,
Sun,Jan,28,2018,3:30p,PHX,102,HOU,113,Box Score,,18055,
Sun,Jan,28,2018,4:00p,LAC,112,NOP,103,Box Score,,16378,
Sun,Jan,28,2018,6:00p,PHI,112,OKC,122,Box Score,,18202,
Sun,Jan,28,2018,7:00p,SAC,98,SAS,113,Box Score,,18418,
Sun,Jan,28,2018,6:00p,LAL,111,TOR,123,Box Score,,19800,
Mon,Jan,29,2018,7:30p,MIN,100,ATL,105,Box Score,,12589,
Mon,Jan,29,2018,8:30p,MIA,95,DAL,88,Box Score,,19555,
Mon,Jan,29,2018,9:00p,BOS,111,DEN,110,Box Score,,19520,
Mon,Jan,29,2018,7:00p,CHA,96,IND,105,Box Score,,14225,
Mon,Jan,29,2018,8:00p,PHX,109,MEM,120,Box Score,,13202,
Mon,Jan,29,2018,8:00p,PHI,95,MIL,107,Box Score,,14126,
Tue,Jan,30,2018,8:00p,CLE,114,DET,125,Box Score,,18508,
Tue,Jan,30,2018,8:00p,ORL,107,HOU,114,Box Score,,18055,
Tue,Jan,30,2018,10:30p,POR,104,LAC,96,Box Score,,16705,
Tue,Jan,30,2018,8:00p,SAC,114,NOP,103,Box Score,,14292,
Tue,Jan,30,2018,7:30p,BKN,95,NYK,111,Box Score,,19505,
Tue,Jan,30,2018,8:30p,DEN,104,SAS,106,Box Score,,18418,
Tue,Jan,30,2018,7:30p,MIN,104,TOR,109,Box Score,,19800,
Tue,Jan,30,2018,9:00p,GSW,99,UTA,129,Box Score,,18306,
Tue,Jan,30,2018,7:00p,OKC,96,WAS,102,Box Score,,20356,
Wed,Jan,31,2018,7:30p,CHA,123,ATL,110,Box Score,,13103,
Wed,Jan,31,2018,8:00p,NYK,73,BOS,103,Box Score,,18624,
Wed,Jan,31,2018,7:30p,PHI,108,BKN,116,Box Score,,15577,
Wed,Jan,31,2018,7:30p,MIA,89,CLE,91,Box Score,,20562,
Wed,Jan,31,2018,7:00p,MEM,101,IND,105,Box Score,,15093,
Wed,Jan,31,2018,7:00p,LAL,105,ORL,127,Box Score,,18553,
Wed,Jan,31,2018,10:30p,DAL,88,PHX,102,Box Score,,15923,
Wed,Jan,31,2018,10:00p,CHI,108,POR,124,Box Score,,19422,
Thu,Feb,1,2018,10:30p,OKC,124,DEN,127,Box Score,,18407,
Thu,Feb,1,2018,7:00p,MEM,102,DET,104,Box Score,,17481,
Thu,Feb,1,2018,8:00p,MIL,89,MIN,108,Box Score,,17199,
Thu,Feb,1,2018,8:00p,HOU,102,SAS,91,Box Score,,18418,
Thu,Feb,1,2018,7:00p,TOR,119,WAS,122,Box Score,,15599,
Fri,Feb,2,2018,7:30p,ATL,110,BOS,119,Box Score,,18624,
Fri,Feb,2,2018,7:30p,LAL,102,BKN,99,Box Score,,17732,
Fri,Feb,2,2018,7:00p,IND,126,CHA,133,Box Score,,17135,
Fri,Feb,2,2018,8:00p,NYK,90,MIL,92,Box Score,,18717,
Fri,Feb,2,2018,9:00p,NOP,114,OKC,100,Box Score,,18203,
Fri,Feb,2,2018,8:00p,MIA,97,PHI,103,Box Score,,20636,
Fri,Feb,2,2018,9:00p,UTA,129,PHX,97,Box Score,,16560,
Fri,Feb,2,2018,10:30p,GSW,119,SAC,104,Box Score,,17583,
Fri,Feb,2,2018,7:30p,POR,105,TOR,130,Box Score,,19800,
Sat,Feb,3,2018,8:30p,HOU,120,CLE,88,Box Score,,20562,
Sat,Feb,3,2018,9:00p,GSW,108,DEN,115,Box Score,,20103,
Sat,Feb,3,2018,7:00p,MIA,107,DET,111,Box Score,,18747,
Sat,Feb,3,2018,7:00p,PHI,92,IND,100,Box Score,,17923,
Sat,Feb,3,2018,3:30p,CHI,103,LAC,113,Box Score,,19068,
Sat,Feb,3,2018,9:00p,NOP,107,MIN,118,Box Score,,17954,
Sat,Feb,3,2018,7:00p,WAS,115,ORL,98,Box Score,,18846,
Sat,Feb,3,2018,10:00p,DAL,106,SAC,99,Box Score,,17583,
Sat,Feb,3,2018,9:00p,UTA,120,SAS,111,Box Score,,18418,
Sun,Feb,4,2018,12:00p,POR,96,BOS,97,Box Score,,18624,
Sun,Feb,4,2018,12:00p,MIL,109,BKN,94,Box Score,,14392,
Sun,Feb,4,2018,12:00p,ATL,99,NYK,96,Box Score,,19441,
Sun,Feb,4,2018,2:00p,LAL,108,OKC,104,Box Score,,18203,
Sun,Feb,4,2018,3:00p,CHA,115,PHX,110,Box Score,,14487,
Sun,Feb,4,2018,12:00p,MEM,86,TOR,101,Box Score,,19800,
Mon,Feb,5,2018,9:00p,CHA,104,DEN,121,Box Score,,14410,
Mon,Feb,5,2018,7:00p,POR,91,DET,111,Box Score,,13810,
Mon,Feb,5,2018,7:00p,WAS,111,IND,102,Box Score,,13169,
Mon,Feb,5,2018,10:30p,DAL,101,LAC,104,Box Score,,15127,
Mon,Feb,5,2018,7:30p,ORL,111,MIA,109,Box Score,,19600,
Mon,Feb,5,2018,8:00p,UTA,133,NOP,109,Box Score,,14293,
Mon,Feb,5,2018,10:00p,CHI,98,SAC,104,Box Score,,17583,
Tue,Feb,6,2018,7:30p,MEM,82,ATL,108,Box Score,,11866,
Tue,Feb,6,2018,7:30p,HOU,123,BKN,113,Box Score,,15064,
Tue,Feb,6,2018,10:30p,OKC,125,GSW,105,Box Score,,19596,
Tue,Feb,6,2018,10:30p,PHX,93,LAL,112,Box Score,,18997,
Tue,Feb,6,2018,7:30p,MIL,103,NYK,89,Box Score,,19812,
Tue,Feb,6,2018,7:00p,CLE,98,ORL,116,Box Score,,18846,
Tue,Feb,6,2018,8:00p,WAS,102,PHI,115,Box Score,,20530,
Tue,Feb,6,2018,7:30p,BOS,91,TOR,111,Box Score,,20017,
Wed,Feb,7,2018,8:00p,MIN,138,CLE,140,Box Score,OT,20562,
Wed,Feb,7,2018,7:00p,BKN,106,DET,115,Box Score,,15114,
Wed,Feb,7,2018,8:00p,UTA,92,MEM,88,Box Score,,13187,
Wed,Feb,7,2018,7:30p,HOU,109,MIA,101,Box Score,,19600,
Wed,Feb,7,2018,10:30p,SAS,129,PHX,81,Box Score,,15993,
Thu,Feb,8,2018,10:30p,DAL,103,GSW,121,Box Score,,19596,
Thu,Feb,8,2018,10:30p,OKC,81,LAL,106,Box Score,,18997,
Thu,Feb,8,2018,7:00p,ATL,98,ORL,100,Box Score,,16215,
Thu,Feb,8,2018,10:00p,CHA,103,POR,109,Box Score,OT,19178,
Thu,Feb,8,2018,7:30p,NYK,88,TOR,113,Box Score,,19800,
Thu,Feb,8,2018,8:00p,BOS,110,WAS,104,Box Score,OT,20356,
Fri,Feb,9,2018,7:30p,CLE,123,ATL,107,Box Score,,16438,
Fri,Feb,9,2018,7:30p,IND,97,BOS,91,Box Score,,18624,
Fri,Feb,9,2018,9:30p,MIN,113,CHI,114,Box Score,,21558,
Fri,Feb,9,2018,7:00p,LAC,108,DET,95,Box Score,,16697,
Fri,Feb,9,2018,8:00p,DEN,104,HOU,130,Box Score,,18055,
Fri,Feb,9,2018,8:00p,MIL,85,MIA,91,Box Score,,20018,
Fri,Feb,9,2018,7:00p,NOP,82,PHI,100,Box Score,,20489,
Fri,Feb,9,2018,10:30p,POR,118,SAC,100,Box Score,,17583,
Fri,Feb,9,2018,9:00p,CHA,94,UTA,106,Box Score,,18306,
Sat,Feb,10,2018,6:00p,NOP,138,BKN,128,Box Score,2OT,16572,
Sat,Feb,10,2018,8:00p,WAS,101,CHI,90,Box Score,,21112,
Sat,Feb,10,2018,8:30p,LAL,123,DAL,130,Box Score,,20162,
Sat,Feb,10,2018,8:30p,SAS,105,GSW,122,Box Score,,19596,
Sat,Feb,10,2018,7:00p,MIL,111,ORL,104,Box Score,,18347,
Sat,Feb,10,2018,7:00p,LAC,98,PHI,112,Box Score,,20504,
Sat,Feb,10,2018,9:00p,DEN,123,PHX,113,Box Score,,16325,
Sun,Feb,11,2018,3:30p,DET,115,ATL,118,Box Score,,15214,
Sun,Feb,11,2018,3:30p,CLE,121,BOS,99,Box Score,,18624,
Sun,Feb,11,2018,1:00p,TOR,123,CHA,103,Box Score,,18320,
Sun,Feb,11,2018,7:00p,DAL,97,HOU,104,Box Score,,18055,
Sun,Feb,11,2018,5:00p,NYK,113,IND,121,Box Score,,17923,
Sun,Feb,11,2018,7:00p,SAC,106,MIN,111,Box Score,,18068,
Sun,Feb,11,2018,7:00p,MEM,92,OKC,110,Box Score,,18203,
Sun,Feb,11,2018,9:00p,UTA,115,POR,96,Box Score,,19730,
Mon,Feb,12,2018,7:30p,LAC,114,BKN,101,Box Score,,13735,
Mon,Feb,12,2018,8:00p,ORL,101,CHI,105,Box Score,,18611,
Mon,Feb,12,2018,7:00p,NOP,118,DET,103,Box Score,,14453,
Mon,Feb,12,2018,10:30p,PHX,83,GSW,129,Box Score,,19596,
Mon,Feb,12,2018,7:00p,NYK,92,PHI,108,Box Score,,20589,
Mon,Feb,12,2018,9:00p,SAS,99,UTA,101,Box Score,,18306,
Tue,Feb,13,2018,8:30p,SAC,114,DAL,109,Box Score,,19801,
Tue,Feb,13,2018,10:30p,SAS,109,DEN,117,Box Score,,17623,
Tue,Feb,13,2018,8:00p,ATL,92,MIL,97,Box Score,,14720,
Tue,Feb,13,2018,8:00p,HOU,126,MIN,108,Box Score,,18978,
Tue,Feb,13,2018,8:00p,CLE,120,OKC,112,Box Score,,18203,
Tue,Feb,13,2018,7:00p,MIA,112,TOR,115,Box Score,,19800,
Wed,Feb,14,2018,8:00p,LAC,129,BOS,119,Box Score,,18624,
Wed,Feb,14,2018,7:30p,IND,108,BKN,103,Box Score,,13159,
Wed,Feb,14,2018,8:00p,TOR,122,CHI,98,Box Score,,21006,
Wed,Feb,14,2018,7:00p,ATL,98,DET,104,Box Score,,15849,
Wed,Feb,14,2018,8:00p,SAC,91,HOU,100,Box Score,,18055,
Wed,Feb,14,2018,8:00p,OKC,121,MEM,114,Box Score,,16012,
Wed,Feb,14,2018,8:00p,LAL,117,NOP,139,Box Score,,15436,
Wed,Feb,14,2018,7:30p,WAS,118,NYK,113,Box Score,,19812,
Wed,Feb,14,2018,7:00p,CHA,104,ORL,102,Box Score,,18428,
Wed,Feb,14,2018,7:00p,MIA,102,PHI,104,Box Score,,20492,
Wed,Feb,14,2018,10:30p,GSW,117,POR,123,Box Score,,19520,
Wed,Feb,14,2018,9:00p,PHX,97,UTA,107,Box Score,,18306,
Thu,Feb,15,2018,8:00p,DEN,134,MIL,123,Box Score,,15486,
Thu,Feb,15,2018,9:00p,LAL,111,MIN,119,Box Score,,17534,
Thu,Feb,22,2018,8:00p,PHI,116,CHI,115,Box Score,,21312,
Thu,Feb,22,2018,7:00p,BKN,96,CHA,111,Box Score,,14112,
Thu,Feb,22,2018,8:00p,WAS,110,CLE,103,Box Score,,20562,
Thu,Feb,22,2018,10:30p,LAC,127,GSW,134,Box Score,,19596,
Thu,Feb,22,2018,7:00p,NYK,120,ORL,113,Box Score,,18846,
Thu,Feb,22,2018,10:00p,OKC,110,SAC,107,Box Score,,17583,
Fri,Feb,23,2018,9:00p,SAS,119,DEN,122,Box Score,,20027,
Fri,Feb,23,2018,7:00p,BOS,110,DET,98,Box Score,,20491,
Fri,Feb,23,2018,8:00p,MIN,102,HOU,120,Box Score,,18055,
Fri,Feb,23,2018,7:00p,ATL,93,IND,116,Box Score,,17923,
Fri,Feb,23,2018,10:30p,DAL,102,LAL,124,Box Score,,18997,
Fri,Feb,23,2018,8:00p,CLE,112,MEM,89,Box Score,,18119,
Fri,Feb,23,2018,8:00p,MIA,123,NOP,124,Box Score,OT,17751,
Fri,Feb,23,2018,9:00p,LAC,128,PHX,117,Box Score,,17126,
Fri,Feb,23,2018,7:30p,MIL,122,TOR,119,Box Score,OT,20047,
Fri,Feb,23,2018,9:00p,POR,100,UTA,81,Box Score,,18306,
Fri,Feb,23,2018,7:00p,CHA,122,WAS,105,Box Score,,17824,
Sat,Feb,24,2018,8:30p,OKC,80,GSW,112,Box Score,,19596,
Sat,Feb,24,2018,7:30p,MEM,89,MIA,115,Box Score,,19600,
Sat,Feb,24,2018,9:00p,CHI,104,MIN,122,Box Score,,18978,
Sat,Feb,24,2018,7:30p,BOS,121,NYK,112,Box Score,,19812,
Sat,Feb,24,2018,5:00p,ORL,105,PHI,116,Box Score,,20594,
Sat,Feb,24,2018,9:00p,POR,106,PHX,104,Box Score,,17112,
Sat,Feb,24,2018,10:00p,LAL,113,SAC,108,Box Score,,17583,
Sat,Feb,24,2018,9:00p,DAL,90,UTA,97,Box Score,,18306,
Sun,Feb,25,2018,1:00p,DET,98,CHA,114,Box Score,,17894,
Sun,Feb,25,2018,3:30p,SAS,110,CLE,94,Box Score,,20562,
Sun,Feb,25,2018,8:00p,HOU,119,DEN,114,Box Score,,20044,
Sun,Feb,25,2018,3:00p,NOP,123,MIL,121,Box Score,OT,18717,
Sun,Feb,25,2018,8:00p,PHI,94,WAS,109,Box Score,,17180,
Mon,Feb,26,2018,7:30p,LAL,123,ATL,104,Box Score,,16328,
Mon,Feb,26,2018,7:30p,MEM,98,BOS,109,Box Score,,18624,
Mon,Feb,26,2018,7:30p,CHI,87,BKN,104,Box Score,,15081,
Mon,Feb,26,2018,8:30p,IND,103,DAL,109,Box Score,,19536,
Mon,Feb,26,2018,8:00p,PHX,116,NOP,125,Box Score,,14302,
Mon,Feb,26,2018,7:30p,GSW,125,NYK,111,Box Score,,19812,
Mon,Feb,26,2018,8:00p,ORL,105,OKC,112,Box Score,,18203,
Mon,Feb,26,2018,10:00p,MIN,118,SAC,100,Box Score,,17583,
Mon,Feb,26,2018,7:30p,DET,94,TOR,123,Box Score,,19800,
Mon,Feb,26,2018,9:00p,HOU,96,UTA,85,Box Score,,18306,
Tue,Feb,27,2018,7:00p,CHI,103,CHA,118,Box Score,,14521,
Tue,Feb,27,2018,7:00p,BKN,123,CLE,129,Box Score,,20562,
Tue,Feb,27,2018,10:30p,LAC,122,DEN,120,Box Score,,15004,
Tue,Feb,27,2018,7:30p,PHI,101,MIA,102,Box Score,,19600,
Tue,Feb,27,2018,8:00p,WAS,107,MIL,104,Box Score,,16093,
Tue,Feb,27,2018,10:00p,SAC,99,POR,116,Box Score,,19468,
Wed,Feb,28,2018,7:30p,IND,102,ATL,107,Box Score,,13316,
Wed,Feb,28,2018,7:30p,CHA,106,BOS,134,Box Score,,18624,
Wed,Feb,28,2018,8:30p,OKC,111,DAL,110,Box Score,OT,20202,
Wed,Feb,28,2018,7:00p,MIL,87,DET,110,Box Score,,16146,
Wed,Feb,28,2018,10:30p,HOU,105,LAC,92,Box Score,,19068,
Wed,Feb,28,2018,8:00p,PHX,110,MEM,102,Box Score,,13484,
Wed,Feb,28,2018,7:00p,TOR,117,ORL,104,Box Score,,17328,
Wed,Feb,28,2018,8:30p,NOP,121,SAS,116,Box Score,,18418,
Wed,Feb,28,2018,8:00p,GSW,109,WAS,101,Box Score,,20356,
Thu,Mar,1,2018,8:00p,PHI,108,CLE,97,Box Score,,20562,
Thu,Mar,1,2018,7:30p,LAL,131,MIA,113,Box Score,,19600,
Thu,Mar,1,2018,10:30p,MIN,99,POR,108,Box Score,,19533,
Thu,Mar,1,2018,10:00p,BKN,111,SAC,116,Box Score,OT,17583,
Fri,Mar,2,2018,7:30p,GSW,114,ATL,109,Box Score,,16728,
Fri,Mar,2,2018,8:00p,DAL,100,CHI,108,Box Score,,21017,
Fri,Mar,2,2018,10:30p,NYK,105,LAC,128,Box Score,,17190,
Fri,Mar,2,2018,8:00p,DEN,108,MEM,102,Box Score,,16421,
Fri,Mar,2,2018,8:00p,IND,103,MIL,96,Box Score,,17217,
Fri,Mar,2,2018,7:00p,DET,106,ORL,115,Box Score,OT,17223,
Fri,Mar,2,2018,7:00p,CHA,99,PHI,110,Box Score,,20487,
Fri,Mar,2,2018,9:00p,OKC,124,PHX,116,Box Score,,18055,
Fri,Mar,2,2018,10:30p,MIN,108,UTA,116,Box Score,,18306,
Fri,Mar,2,2018,8:00p,TOR,102,WAS,95,Box Score,,18631,
Sat,Mar,3,2018,7:30p,DEN,126,CLE,117,Box Score,,20562,
Sat,Mar,3,2018,8:30p,BOS,120,HOU,123,Box Score,,18476,
Sat,Mar,3,2018,7:30p,DET,96,MIA,105,Box Score,,19600,
Sat,Mar,3,2018,7:00p,MEM,100,ORL,107,Box Score,,17875,
Sat,Mar,3,2018,10:00p,OKC,100,POR,108,Box Score,,20063,
Sat,Mar,3,2018,10:00p,UTA,98,SAC,91,Box Score,,17583,
Sat,Mar,3,2018,9:00p,LAL,116,SAS,112,Box Score,,18557,
Sun,Mar,4,2018,3:30p,PHX,112,ATL,113,Box Score,,15166,
Sun,Mar,4,2018,7:00p,NOP,126,DAL,109,Box Score,,19798,
Sun,Mar,4,2018,9:00p,BKN,120,LAC,123,Box Score,,16384,
Sun,Mar,4,2018,8:00p,PHI,110,MIL,118,Box Score,,15587,
Sun,Mar,4,2018,9:00p,NYK,99,SAC,102,Box Score,,17583,
Sun,Mar,4,2018,6:00p,CHA,98,TOR,103,Box Score,,19800,
Sun,Mar,4,2018,6:00p,IND,98,WAS,95,Box Score,,16646,
Mon,Mar,5,2018,8:00p,BOS,105,CHI,89,Box Score,,21286,
Mon,Mar,5,2018,7:00p,DET,90,CLE,112,Box Score,,20562,
Mon,Mar,5,2018,7:00p,MIL,89,IND,92,Box Score,,15874,
Mon,Mar,5,2018,10:30p,POR,108,LAL,103,Box Score,,18997,
Mon,Mar,5,2018,7:30p,PHX,103,MIA,125,Box Score,,19600,
Mon,Mar,5,2018,8:30p,MEM,98,SAS,100,Box Score,,18418,
Mon,Mar,5,2018,9:00p,ORL,80,UTA,94,Box Score,,18306,
Tue,Mar,6,2018,7:00p,PHI,128,CHA,114,Box Score,,15600,
Tue,Mar,6,2018,8:30p,DEN,107,DAL,118,Box Score,,19504,
Tue,Mar,6,2018,10:30p,BKN,101,GSW,114,Box Score,,19596,
Tue,Mar,6,2018,10:30p,NOP,121,LAC,116,Box Score,,16412,
Tue,Mar,6,2018,8:00p,HOU,122,OKC,112,Box Score,,18203,
Tue,Mar,6,2018,10:00p,NYK,87,POR,111,Box Score,,19393,
Tue,Mar,6,2018,7:00p,ATL,90,TOR,106,Box Score,,19800,
Tue,Mar,6,2018,7:00p,MIA,113,WAS,117,Box Score,OT,16582,
Wed,Mar,7,2018,8:00p,MEM,110,CHI,119,Box Score,,20210,
Wed,Mar,7,2018,10:30p,CLE,113,DEN,108,Box Score,,20062,
Wed,Mar,7,2018,8:00p,TOR,121,DET,119,Box Score,OT,17769,
Wed,Mar,7,2018,7:00p,UTA,104,IND,84,Box Score,,16432,
Wed,Mar,7,2018,10:30p,ORL,107,LAL,108,Box Score,,18997,
Wed,Mar,7,2018,8:00p,HOU,110,MIL,99,Box Score,,17195,
Wed,Mar,7,2018,10:00p,NOP,114,SAC,101,Box Score,,17583,
Thu,Mar,8,2018,7:00p,BKN,125,CHA,111,Box Score,,14173,
Thu,Mar,8,2018,10:30p,SAS,107,GSW,110,Box Score,,19596,
Thu,Mar,8,2018,7:30p,PHI,99,MIA,108,Box Score,,19600,
Thu,Mar,8,2018,8:00p,BOS,117,MIN,109,Box Score,,18978,
Thu,Mar,8,2018,8:00p,PHX,87,OKC,115,Box Score,,18203,
Fri,Mar,9,2018,9:00p,LAL,116,DEN,125,Box Score,,19807,
Fri,Mar,9,2018,7:00p,CHI,83,DET,99,Box Score,,17406,
Fri,Mar,9,2018,7:00p,ATL,87,IND,112,Box Score,,17923,
Fri,Mar,9,2018,10:30p,CLE,102,LAC,116,Box Score,,19130,
Fri,Mar,9,2018,8:00p,UTA,95,MEM,78,Box Score,,15622,
Fri,Mar,9,2018,8:00p,NYK,112,MIL,120,Box Score,,18717,
Fri,Mar,9,2018,8:00p,WAS,116,NOP,97,Box Score,,18143,
Fri,Mar,9,2018,10:00p,GSW,108,POR,125,Box Score,,19487,
Fri,Mar,9,2018,10:00p,ORL,88,SAC,94,Box Score,,17583,
Fri,Mar,9,2018,7:30p,HOU,105,TOR,108,Box Score,,20131,
Sat,Mar,10,2018,5:00p,PHX,115,CHA,122,Box Score,,19336,
Sat,Mar,10,2018,8:30p,MEM,80,DAL,114,Box Score,,19579,
Sat,Mar,10,2018,10:30p,ORL,105,LAC,113,Box Score,,16561,
Sat,Mar,10,2018,7:30p,WAS,102,MIA,129,Box Score,,19689,
Sat,Mar,10,2018,8:30p,SAS,94,OKC,104,Box Score,,18203,
Sun,Mar,11,2018,3:30p,CHI,129,ATL,122,Box Score,,15266,
Sun,Mar,11,2018,7:30p,IND,99,BOS,97,Box Score,,18624,
Sun,Mar,11,2018,7:30p,PHI,120,BKN,97,Box Score,,16901,
Sun,Mar,11,2018,7:00p,HOU,105,DAL,82,Box Score,,20394,
Sun,Mar,11,2018,5:00p,SAC,104,DEN,130,Box Score,,19520,
Sun,Mar,11,2018,9:00p,CLE,113,LAL,127,Box Score,,18997,
Sun,Mar,11,2018,3:30p,GSW,103,MIN,109,Box Score,,18978,
Sun,Mar,11,2018,4:00p,UTA,116,NOP,99,Box Score,,18062,
Sun,Mar,11,2018,1:00p,TOR,132,NYK,106,Box Score,,19812,
Mon,Mar,12,2018,8:00p,SAS,93,HOU,109,Box Score,,18092,
Mon,Mar,12,2018,8:00p,MIL,121,MEM,103,Box Score,,14112,
Mon,Mar,12,2018,8:00p,SAC,101,OKC,106,Box Score,,18203,
Mon,Mar,12,2018,10:30p,MIA,99,POR,115,Box Score,,19786,
Tue,Mar,13,2018,7:30p,OKC,119,ATL,107,Box Score,,16739,
Tue,Mar,13,2018,7:30p,TOR,116,BKN,102,Box Score,,16654,
Tue,Mar,13,2018,8:00p,LAC,112,CHI,106,Box Score,,20912,
Tue,Mar,13,2018,10:30p,DEN,103,LAL,112,Box Score,,18997,
Tue,Mar,13,2018,8:00p,CHA,115,NOP,119,Box Score,,15507,
Tue,Mar,13,2018,7:30p,DAL,110,NYK,97,Box Score,,18597,
Tue,Mar,13,2018,7:00p,IND,101,PHI,98,Box Score,,20531,
Tue,Mar,13,2018,10:00p,CLE,129,PHX,107,Box Score,,18055,
Tue,Mar,13,2018,8:30p,ORL,72,SAS,108,Box Score,,18418,
Tue,Mar,13,2018,9:00p,DET,79,UTA,110,Box Score,,18306,
Tue,Mar,13,2018,7:00p,MIN,116,WAS,111,Box Score,,17078,
Wed,Mar,14,2018,8:00p,WAS,125,BOS,124,Box Score,2OT,18624,
Wed,Mar,14,2018,10:30p,LAL,106,GSW,117,Box Score,,19596,
Wed,Mar,14,2018,7:00p,MIL,117,ORL,126,Box Score,,17713,
Wed,Mar,14,2018,10:00p,MIA,119,SAC,123,Box Score,OT,17583,
Thu,Mar,15,2018,7:30p,CHA,129,ATL,117,Box Score,,14486,
Thu,Mar,15,2018,9:00p,DET,113,DEN,120,Box Score,,18697,
Thu,Mar,15,2018,8:00p,LAC,96,HOU,101,Box Score,,18055,
Thu,Mar,15,2018,7:00p,TOR,106,IND,99,Box Score,,17923,
Thu,Mar,15,2018,8:00p,CHI,111,MEM,110,Box Score,,16511,
Thu,Mar,15,2018,7:30p,PHI,118,NYK,110,Box Score,,18894,
Thu,Mar,15,2018,10:00p,CLE,105,POR,113,Box Score,,19806,
Thu,Mar,15,2018,8:30p,NOP,93,SAS,98,Box Score,,18418,
Thu,Mar,15,2018,9:00p,PHX,88,UTA,116,Box Score,,18306,
Fri,Mar,16,2018,10:30p,SAC,98,GSW,93,Box Score,,19596,
Fri,Mar,16,2018,10:30p,MIA,92,LAL,91,Box Score,,18997,
Fri,Mar,16,2018,8:00p,LAC,113,OKC,121,Box Score,,18203,
Fri,Mar,16,2018,7:00p,BOS,92,ORL,83,Box Score,,18981,
Fri,Mar,16,2018,7:00p,BKN,116,PHI,120,Box Score,,20666,
Fri,Mar,16,2018,7:30p,DAL,115,TOR,122,Box Score,OT,19800,
Sat,Mar,17,2018,7:30p,DAL,106,BKN,114,Box Score,,13877,
Sat,Mar,17,2018,8:00p,CLE,114,CHI,109,Box Score,,22983,
Sat,Mar,17,2018,8:00p,DEN,94,MEM,101,Box Score,,16501,
Sat,Mar,17,2018,6:00p,ATL,117,MIL,122,Box Score,,18717,
Sat,Mar,17,2018,7:00p,HOU,107,NOP,101,Box Score,,18495,
Sat,Mar,17,2018,7:30p,CHA,101,NYK,124,Box Score,,17760,
Sat,Mar,17,2018,10:00p,GSW,124,PHX,109,Box Score,,18055,
Sat,Mar,17,2018,10:00p,DET,87,POR,100,Box Score,,19727,
Sat,Mar,17,2018,8:30p,MIN,101,SAS,117,Box Score,,18418,
Sat,Mar,17,2018,9:00p,SAC,97,UTA,103,Box Score,,18306,
Sat,Mar,17,2018,7:00p,IND,102,WAS,109,Box Score,,18249,
Sun,Mar,18,2018,10:30p,POR,122,LAC,109,Box Score,,17776,
Sun,Mar,18,2018,7:00p,HOU,129,MIN,120,Box Score,,18978,
Sun,Mar,18,2018,6:00p,BOS,89,NOP,108,Box Score,,18277,
Sun,Mar,18,2018,1:00p,OKC,132,TOR,125,Box Score,,19800,
Mon,Mar,19,2018,7:30p,MEM,115,BKN,118,Box Score,,12856,
Mon,Mar,19,2018,7:00p,MIL,117,CLE,124,Box Score,,20562,
Mon,Mar,19,2018,7:00p,LAL,100,IND,110,Box Score,,16603,
Mon,Mar,19,2018,7:30p,DEN,141,MIA,149,Box Score,2OT,19600,
Mon,Mar,19,2018,7:30p,CHI,92,NYK,110,Box Score,,18835,
Mon,Mar,19,2018,7:00p,CHA,94,PHI,108,Box Score,,20530,
Mon,Mar,19,2018,10:00p,DET,106,SAC,90,Box Score,,17583,
Mon,Mar,19,2018,9:30p,GSW,75,SAS,89,Box Score,,18418,
Tue,Mar,20,2018,8:00p,OKC,99,BOS,100,Box Score,,18624,
Tue,Mar,20,2018,8:00p,LAC,109,MIN,123,Box Score,,16351,
Tue,Mar,20,2018,8:00p,DAL,105,NOP,115,Box Score,,14484,
Tue,Mar,20,2018,7:00p,TOR,93,ORL,86,Box Score,,16228,
Tue,Mar,20,2018,10:00p,DET,115,PHX,88,Box Score,,17400,
Tue,Mar,20,2018,10:30p,HOU,115,POR,111,Box Score,,20012,
Tue,Mar,20,2018,9:00p,ATL,99,UTA,94,Box Score,,18306,
Wed,Mar,21,2018,7:30p,CHA,111,BKN,105,Box Score,,10231,
Wed,Mar,21,2018,8:00p,DEN,135,CHI,102,Box Score,,20671,
Wed,Mar,21,2018,7:00p,TOR,129,CLE,132,Box Score,,20562,
Wed,Mar,21,2018,7:30p,NYK,98,MIA,119,Box Score,,19600,
Wed,Mar,21,2018,8:00p,LAC,127,MIL,120,Box Score,,17916,
Wed,Mar,21,2018,8:00p,IND,92,NOP,96,Box Score,,14148,
Wed,Mar,21,2018,7:00p,MEM,105,PHI,119,Box Score,,10411,
Wed,Mar,21,2018,9:30p,WAS,90,SAS,98,Box Score,,18418,
Thu,Mar,22,2018,7:00p,MEM,79,CHA,140,Box Score,,15033,
Thu,Mar,22,2018,8:30p,UTA,119,DAL,112,Box Score,,19725,
Thu,Mar,22,2018,8:00p,DET,96,HOU,100,Box Score,OT,18055,
Thu,Mar,22,2018,8:00p,LAL,125,NOP,128,Box Score,,18037,
Thu,Mar,22,2018,7:00p,PHI,118,ORL,98,Box Score,,17881,
Thu,Mar,22,2018,10:00p,ATL,90,SAC,105,Box Score,,17583,
Fri,Mar,23,2018,8:00p,MIL,118,CHI,105,Box Score,,21698,
Fri,Mar,23,2018,7:30p,PHX,95,CLE,120,Box Score,,20562,
Fri,Mar,23,2018,10:30p,ATL,94,GSW,106,Box Score,,19596,
Fri,Mar,23,2018,7:00p,LAC,104,IND,109,Box Score,,17923,
Fri,Mar,23,2018,7:30p,MIN,108,NYK,104,Box Score,,18914,
Fri,Mar,23,2018,8:00p,MIA,99,OKC,105,Box Score,,18203,
Fri,Mar,23,2018,10:00p,BOS,105,POR,100,Box Score,,19575,
Fri,Mar,23,2018,8:30p,UTA,120,SAS,124,Box Score,OT,18418,
Fri,Mar,23,2018,7:30p,BKN,112,TOR,116,Box Score,,19800,
Fri,Mar,23,2018,7:00p,DEN,108,WAS,100,Box Score,,19016,
Sat,Mar,24,2018,8:30p,CHA,102,DAL,98,Box Score,,20085,
Sat,Mar,24,2018,7:00p,CHI,95,DET,117,Box Score,,19139,
Sat,Mar,24,2018,8:00p,NOP,91,HOU,114,Box Score,,18055,
Sat,Mar,24,2018,8:00p,LAL,100,MEM,93,Box Score,,18119,
Sat,Mar,24,2018,7:00p,PHX,99,ORL,105,Box Score,,17393,
Sat,Mar,24,2018,6:00p,MIN,108,PHI,120,Box Score,,20668,
Sun,Mar,25,2018,1:00p,CLE,121,BKN,114,Box Score,,17732,
Sun,Mar,25,2018,8:30p,UTA,110,GSW,91,Box Score,,19596,
Sun,Mar,25,2018,8:00p,ATL,99,HOU,118,Box Score,,18055,
Sun,Mar,25,2018,5:00p,MIA,107,IND,113,Box Score,OT,17923,
Sun,Mar,25,2018,3:30p,SAS,103,MIL,106,Box Score,,18717,
Sun,Mar,25,2018,7:00p,POR,108,OKC,105,Box Score,,18203,
Sun,Mar,25,2018,6:00p,BOS,104,SAC,93,Box Score,,17583,
Sun,Mar,25,2018,6:00p,LAC,117,TOR,106,Box Score,,19800,
Sun,Mar,25,2018,6:00p,NYK,101,WAS,97,Box Score,,18884,
Mon,Mar,26,2018,7:00p,NYK,128,CHA,137,Box Score,OT,14487,
Mon,Mar,26,2018,7:00p,LAL,106,DET,112,Box Score,,18718,
Mon,Mar,26,2018,8:00p,MEM,101,MIN,93,Box Score,,16290,
Mon,Mar,26,2018,7:00p,DEN,104,PHI,123,Box Score,,20585,
Mon,Mar,26,2018,10:00p,BOS,102,PHX,94,Box Score,,18055,
Tue,Mar,27,2018,10:30p,IND,92,GSW,81,Box Score,,19596,
Tue,Mar,27,2018,8:00p,CHI,86,HOU,118,Box Score,,18055,
Tue,Mar,27,2018,10:30p,MIL,98,LAC,105,Box Score,,19068,
Tue,Mar,27,2018,8:00p,CLE,79,MIA,98,Box Score,,20093,
Tue,Mar,27,2018,8:00p,POR,107,NOP,103,Box Score,,15426,
Tue,Mar,27,2018,10:00p,DAL,103,SAC,97,Box Score,,17583,
Tue,Mar,27,2018,7:30p,DEN,110,TOR,114,Box Score,,19800,
Tue,Mar,27,2018,7:00p,SAS,106,WAS,116,Box Score,,19588,
Wed,Mar,28,2018,7:00p,CLE,118,CHA,105,Box Score,,19474,
Wed,Mar,28,2018,10:30p,DAL,93,LAL,103,Box Score,,18997,
Wed,Mar,28,2018,8:00p,POR,103,MEM,108,Box Score,,16050,
Wed,Mar,28,2018,8:00p,ATL,114,MIN,126,Box Score,,16183,
Wed,Mar,28,2018,7:00p,BKN,111,ORL,104,Box Score,,16517,
Wed,Mar,28,2018,7:00p,NYK,101,PHI,118,Box Score,,20655,
Wed,Mar,28,2018,10:00p,LAC,111,PHX,99,Box Score,,17005,
Wed,Mar,28,2018,9:30p,BOS,97,UTA,94,Box Score,,18306,
Thu,Mar,29,2018,7:00p,WAS,92,DET,103,Box Score,,18268,
Thu,Mar,29,2018,10:30p,MIL,116,GSW,107,Box Score,,19596,
Thu,Mar,29,2018,7:30p,CHI,92,MIA,103,Box Score,,19746,
Thu,Mar,29,2018,10:00p,IND,106,SAC,103,Box Score,,11360,
Thu,Mar,29,2018,8:00p,OKC,99,SAS,103,Box Score,,18418,
Fri,Mar,30,2018,7:30p,PHI,101,ATL,91,Box Score,,16579,
Fri,Mar,30,2018,8:00p,NOP,102,CLE,107,Box Score,,20562,
Fri,Mar,30,2018,8:30p,MIN,93,DAL,92,Box Score,,20244,
Fri,Mar,30,2018,8:00p,PHX,103,HOU,104,Box Score,,18055,
Fri,Mar,30,2018,10:30p,MIL,124,LAL,122,Box Score,OT,18997,
Fri,Mar,30,2018,8:00p,DEN,126,OKC,125,Box Score,OT,18203,
Fri,Mar,30,2018,7:00p,CHI,90,ORL,82,Box Score,,18918,
Fri,Mar,30,2018,10:30p,LAC,96,POR,105,Box Score,,20013,
Fri,Mar,30,2018,9:00p,MEM,97,UTA,107,Box Score,,18306,
Sat,Mar,31,2018,7:30p,TOR,99,BOS,110,Box Score,,18624,
Sat,Mar,31,2018,8:00p,BKN,110,MIA,109,Box Score,OT,19600,
Sat,Mar,31,2018,5:00p,DET,115,NYK,109,Box Score,,19812,
Sat,Mar,31,2018,10:00p,GSW,112,SAC,96,Box Score,,17583,
Sat,Mar,31,2018,3:00p,CHA,93,WAS,107,Box Score,,19071,
Sun,Apr,1,2018,6:00p,ORL,88,ATL,94,Box Score,,13587,
Sun,Apr,1,2018,6:00p,DET,108,BKN,96,Box Score,,16097,
Sun,Apr,1,2018,3:30p,WAS,94,CHI,113,Box Score,,20466,
Sun,Apr,1,2018,1:00p,PHI,119,CHA,102,Box Score,,17005,
Sun,Apr,1,2018,6:00p,DAL,87,CLE,98,Box Score,,20562,
Sun,Apr,1,2018,8:00p,MIL,125,DEN,128,Box Score,OT,19520,
Sun,Apr,1,2018,8:30p,PHX,107,GSW,117,Box Score,,19596,
Sun,Apr,1,2018,3:30p,IND,111,LAC,104,Box Score,,15866,
Sun,Apr,1,2018,9:30p,SAC,84,LAL,83,Box Score,,18997,
Sun,Apr,1,2018,7:00p,UTA,121,MIN,97,Box Score,,18978,
Sun,Apr,1,2018,6:00p,OKC,109,NOP,104,Box Score,,18500,
Sun,Apr,1,2018,9:00p,MEM,98,POR,113,Box Score,,19545,
Sun,Apr,1,2018,3:30p,HOU,83,SAS,100,Box Score,,18418,
Tue,Apr,3,2018,8:00p,CHA,114,CHI,120,Box Score,,20139,
Tue,Apr,3,2018,7:00p,TOR,106,CLE,112,Box Score,,20562,
Tue,Apr,3,2018,8:30p,POR,109,DAL,115,Box Score,,19624,
Tue,Apr,3,2018,9:00p,IND,104,DEN,107,Box Score,,14743,
Tue,Apr,3,2018,8:00p,WAS,104,HOU,120,Box Score,,18055,
Tue,Apr,3,2018,10:30p,SAS,110,LAC,113,Box Score,,17449,
Tue,Apr,3,2018,7:30p,ATL,98,MIA,101,Box Score,,19600,
Tue,Apr,3,2018,8:00p,BOS,102,MIL,106,Box Score,,16188,
Tue,Apr,3,2018,7:30p,ORL,97,NYK,73,Box Score,,19812,
Tue,Apr,3,2018,8:00p,GSW,111,OKC,107,Box Score,,18203,
Tue,Apr,3,2018,7:00p,BKN,95,PHI,121,Box Score,,20710,
Tue,Apr,3,2018,10:00p,SAC,94,PHX,97,Box Score,,16826,
Tue,Apr,3,2018,9:00p,LAL,110,UTA,117,Box Score,,18306,
Wed,Apr,4,2018,7:30p,MIA,115,ATL,86,Box Score,,16696,
Wed,Apr,4,2018,7:00p,PHI,115,DET,108,Box Score,,18395,
Wed,Apr,4,2018,10:30p,SAS,112,LAL,122,Box Score,OT,18997,
Wed,Apr,4,2018,8:00p,MEM,95,NOP,123,Box Score,,16521,
Wed,Apr,4,2018,7:00p,DAL,100,ORL,105,Box Score,,18112,
Wed,Apr,4,2018,8:00p,BOS,78,TOR,96,Box Score,,19963,
Thu,Apr,5,2018,8:00p,WAS,115,CLE,119,Box Score,,20562,
Thu,Apr,5,2018,10:30p,MIN,96,DEN,100,Box Score,,16415,
Thu,Apr,5,2018,8:00p,POR,94,HOU,96,Box Score,,18055,
Thu,Apr,5,2018,7:00p,GSW,106,IND,126,Box Score,,17923,
Thu,Apr,5,2018,8:00p,BKN,119,MIL,111,Box Score,,18378,
Thu,Apr,5,2018,9:00p,LAC,95,UTA,117,Box Score,,18306,
Fri,Apr,6,2018,7:30p,CHI,104,BOS,111,Box Score,,18624,
Fri,Apr,6,2018,7:00p,DAL,106,DET,113,Box Score,OT,18768,
Fri,Apr,6,2018,10:30p,MIN,113,LAL,96,Box Score,,18997,
Fri,Apr,6,2018,8:00p,SAC,94,MEM,93,Box Score,,16527,
Fri,Apr,6,2018,7:30p,MIA,98,NYK,122,Box Score,,19569,
Fri,Apr,6,2018,7:00p,CHA,137,ORL,100,Box Score,,17018,
Fri,Apr,6,2018,7:00p,CLE,130,PHI,132,Box Score,,20769,
Fri,Apr,6,2018,10:00p,NOP,122,PHX,103,Box Score,,18055,
Fri,Apr,6,2018,7:30p,IND,73,TOR,92,Box Score,,19924,
Fri,Apr,6,2018,7:00p,ATL,103,WAS,97,Box Score,,19557,
Sat,Apr,7,2018,8:00p,BKN,124,CHI,96,Box Score,,21669,
Sat,Apr,7,2018,8:30p,NOP,126,GSW,120,Box Score,,19596,
Sat,Apr,7,2018,8:30p,OKC,108,HOU,102,Box Score,,18055,
Sat,Apr,7,2018,3:30p,DEN,134,LAC,115,Box Score,,16166,
Sat,Apr,7,2018,7:30p,MIL,115,NYK,102,Box Score,,19812,
Sat,Apr,7,2018,9:00p,POR,105,SAS,116,Box Score,,18610,
Sun,Apr,8,2018,1:00p,ATL,112,BOS,106,Box Score,,18624,
Sun,Apr,8,2018,1:00p,IND,123,CHA,117,Box Score,,16629,
Sun,Apr,8,2018,6:00p,UTA,112,LAL,97,Box Score,,18997,
Sun,Apr,8,2018,3:30p,DET,117,MEM,130,Box Score,,16044,
Sun,Apr,8,2018,1:00p,DAL,97,PHI,109,Box Score,,20846,
Sun,Apr,8,2018,9:00p,GSW,117,PHX,100,Box Score,,18055,
Sun,Apr,8,2018,6:00p,ORL,101,TOR,112,Box Score,,19948,
Mon,Apr,9,2018,7:30p,CHI,105,BKN,114,Box Score,,16187,
Mon,Apr,9,2018,9:00p,POR,82,DEN,88,Box Score,,17467,
Mon,Apr,9,2018,7:00p,TOR,108,DET,98,Box Score,,17529,
Mon,Apr,9,2018,10:30p,NOP,113,LAC,100,Box Score,,15742,
Mon,Apr,9,2018,7:30p,OKC,115,MIA,93,Box Score,,19600,
Mon,Apr,9,2018,8:00p,ORL,86,MIL,102,Box Score,,18717,
Mon,Apr,9,2018,8:00p,MEM,94,MIN,113,Box Score,,17641,
Mon,Apr,9,2018,7:30p,CLE,123,NYK,109,Box Score,,19449,
Mon,Apr,9,2018,8:30p,SAC,85,SAS,98,Box Score,,18418,
Tue,Apr,10,2018,7:30p,PHI,121,ATL,113,Box Score,,15673,
Tue,Apr,10,2018,8:30p,PHX,124,DAL,97,Box Score,,20041,
Tue,Apr,10,2018,7:00p,CHA,119,IND,93,Box Score,,17331,
Tue,Apr,10,2018,10:30p,HOU,105,LAL,99,Box Score,,18997,
Tue,Apr,10,2018,9:00p,GSW,79,UTA,119,Box Score,,18306,
Tue,Apr,10,2018,8:00p,BOS,101,WAS,113,Box Score,,18887,
Wed,Apr,11,2018,8:00p,BKN,97,BOS,110,Box Score,,18624,
Wed,Apr,11,2018,8:00p,DET,119,CHI,87,Box Score,,21342,
Wed,Apr,11,2018,8:00p,NYK,110,CLE,98,Box Score,,20562,
Wed,Apr,11,2018,10:30p,LAL,115,LAC,100,Box Score,,19068,
Wed,Apr,11,2018,8:00p,TOR,109,MIA,116,Box Score,OT,19600,
Wed,Apr,11,2018,8:00p,DEN,106,MIN,112,Box Score,OT,18978,
Wed,Apr,11,2018,8:00p,SAS,98,NOP,122,Box Score,,18573,
Wed,Apr,11,2018,8:00p,MEM,123,OKC,137,Box Score,,18203,
Wed,Apr,11,2018,8:00p,WAS,92,ORL,101,Box Score,,17598,
Wed,Apr,11,2018,8:00p,MIL,95,PHI,130,Box Score,,20659,
Wed,Apr,11,2018,10:30p,UTA,93,POR,102,Box Score,,20186,
Wed,Apr,11,2018,10:30p,HOU,83,SAC,96,Box Score,,17583,
Sat,Apr,14,2018,3:00p,SAS,92,GSW,113,Box Score,,19596,
Sat,Apr,14,2018,8:00p,MIA,103,PHI,130,Box Score,,20617,
Sat,Apr,14,2018,10:30p,NOP,97,POR,95,Box Score,,19882,
Sat,Apr,14,2018,5:30p,WAS,106,TOR,114,Box Score,,19937,
Sun,Apr,15,2018,1:00p,MIL,107,BOS,113,Box Score,OT,18624,
Sun,Apr,15,2018,3:30p,IND,98,CLE,80,Box Score,,20562,
Sun,Apr,15,2018,9:00p,MIN,101,HOU,104,Box Score,,18055,
Sun,Apr,15,2018,6:30p,UTA,108,OKC,116,Box Score,,18203,
Mon,Apr,16,2018,10:30p,SAS,101,GSW,116,Box Score,,19596,
Mon,Apr,16,2018,8:00p,MIA,113,PHI,103,Box Score,,20753,
Tue,Apr,17,2018,8:00p,MIL,106,BOS,120,Box Score,,18624,
Tue,Apr,17,2018,10:30p,NOP,111,POR,102,Box Score,,20066,
Tue,Apr,17,2018,7:00p,WAS,119,TOR,130,Box Score,,20242,
Wed,Apr,18,2018,7:00p,IND,97,CLE,100,Box Score,,20562,
Wed,Apr,18,2018,9:30p,MIN,82,HOU,102,Box Score,,18055,
Wed,Apr,18,2018,8:00p,UTA,102,OKC,95,Box Score,,18203,
Thu,Apr,19,2018,7:00p,PHI,128,MIA,108,Box Score,,19812,
Thu,Apr,19,2018,9:00p,POR,102,NOP,119,Box Score,,18551,
Thu,Apr,19,2018,9:30p,GSW,110,SAS,97,Box Score,,18418,
Fri,Apr,20,2018,7:00p,CLE,90,IND,92,Box Score,,17923,
Fri,Apr,20,2018,9:30p,BOS,92,MIL,116,Box Score,,18717,
Fri,Apr,20,2018,8:00p,TOR,103,WAS,122,Box Score,,20356,
Sat,Apr,21,2018,2:30p,PHI,106,MIA,102,Box Score,,19804,
Sat,Apr,21,2018,7:30p,HOU,105,MIN,121,Box Score,,18978,
Sat,Apr,21,2018,5:00p,POR,123,NOP,131,Box Score,,18544,
Sat,Apr,21,2018,10:00p,OKC,102,UTA,115,Box Score,,18306,
Sun,Apr,22,2018,8:30p,CLE,104,IND,100,Box Score,,17923,
Sun,Apr,22,2018,1:00p,BOS,102,MIL,104,Box Score,,18717,
Sun,Apr,22,2018,3:30p,GSW,90,SAS,103,Box Score,,18418,
Sun,Apr,22,2018,6:00p,TOR,98,WAS,106,Box Score,,20356,
Mon,Apr,23,2018,8:00p,HOU,119,MIN,100,Box Score,,18978,
Mon,Apr,23,2018,10:30p,OKC,96,UTA,113,Box Score,,18306,
Tue,Apr,24,2018,7:00p,MIL,87,BOS,92,Box Score,,18624,
Tue,Apr,24,2018,10:30p,SAS,91,GSW,99,Box Score,,19596,
Tue,Apr,24,2018,8:00p,MIA,91,PHI,104,Box Score,,21171,
Wed,Apr,25,2018,7:00p,IND,95,CLE,98,Box Score,,20562,
Wed,Apr,25,2018,9:30p,MIN,104,HOU,122,Box Score,,18055,
Wed,Apr,25,2018,9:30p,UTA,99,OKC,107,Box Score,,18203,
Wed,Apr,25,2018,7:00p,WAS,98,TOR,108,Box Score,,19987,
Thu,Apr,26,2018,8:00p,BOS,86,MIL,97,Box Score,,18717,
Fri,Apr,27,2018,8:00p,CLE,87,IND,121,Box Score,,17923,
Fri,Apr,27,2018,10:30p,OKC,91,UTA,96,Box Score,,18306,
Fri,Apr,27,2018,7:00p,TOR,102,WAS,92,Box Score,,20356,
Sat,Apr,28,2018,8:00p,MIL,96,BOS,112,Box Score,,18624,
Sat,Apr,28,2018,10:30p,NOP,101,GSW,123,Box Score,,19596,
Sun,Apr,29,2018,1:00p,IND,101,CLE,105,Box Score,,20562,
Sun,Apr,29,2018,3:30p,UTA,96,HOU,110,Box Score,,18055,
Mon,Apr,30,2018,8:00p,PHI,101,BOS,117,Box Score,,18624,
Tue,May,1,2018,10:30p,NOP,116,GSW,121,Box Score,,19596,
Tue,May,1,2018,8:00p,CLE,113,TOR,112,Box Score,OT,19954,
Wed,May,2,2018,8:00p,UTA,116,HOU,108,Box Score,,18055,
Thu,May,3,2018,8:30p,PHI,103,BOS,108,Box Score,,18624,
Thu,May,3,2018,6:00p,CLE,128,TOR,110,Box Score,,20127,
Fri,May,4,2018,8:00p,GSW,100,NOP,119,Box Score,,18551,
Fri,May,4,2018,10:30p,HOU,113,UTA,92,Box Score,,18306,
Sat,May,5,2018,8:30p,TOR,103,CLE,105,Box Score,,20562,
Sat,May,5,2018,5:00p,BOS,101,PHI,98,Box Score,OT,20758,
Sun,May,6,2018,3:30p,GSW,118,NOP,92,Box Score,,18513,
Sun,May,6,2018,8:00p,HOU,100,UTA,87,Box Score,,18306,
Mon,May,7,2018,8:30p,TOR,93,CLE,128,Box Score,,20562,
Mon,May,7,2018,6:00p,BOS,92,PHI,103,Box Score,,20936,
Tue,May,8,2018,10:30p,NOP,104,GSW,113,Box Score,,19596,
Tue,May,8,2018,8:00p,UTA,102,HOU,112,Box Score,,18055,
Wed,May,9,2018,8:00p,PHI,112,BOS,114,Box Score,,18624,
Sun,May,13,2018,3:30p,CLE,83,BOS,108,Box Score,,18624,
Mon,May,14,2018,9:00p,GSW,119,HOU,106,Box Score,,18055,
Tue,May,15,2018,8:30p,CLE,94,BOS,107,Box Score,,18624,
Wed,May,16,2018,9:00p,GSW,105,HOU,127,Box Score,,18119,
Sat,May,19,2018,8:30p,BOS,86,CLE,116,Box Score,,20562,
Sun,May,20,2018,8:00p,HOU,85,GSW,126,Box Score,,19596,
Mon,May,21,2018,8:30p,BOS,102,CLE,111,Box Score,,20562,
Tue,May,22,2018,9:00p,HOU,95,GSW,92,Box Score,,19596,
Wed,May,23,2018,8:30p,CLE,83,BOS,96,Box Score,,18624,
Thu,May,24,2018,9:00p,GSW,94,HOU,98,Box Score,,18208,
Fri,May,25,2018,8:30p,BOS,99,CLE,109,Box Score,,20562,
Sat,May,26,2018,9:00p,HOU,86,GSW,115,Box Score,,19596,
Sun,May,27,2018,8:30p,CLE,87,BOS,79,Box Score,,18624,
Mon,May,28,2018,9:00p,GSW,101,HOU,92,Box Score,,18055,
Thu,May,31,2018,9:00p,CLE,114,GSW,124,Box Score,OT,19596,
Sun,Jun,3,2018,8:00p,CLE,103,GSW,122,Box Score,,19596,
Wed,Jun,6,2018,9:00p,GSW,110,CLE,102,Box Score,,20562,
Fri,Jun,8,2018,9:00p,GSW,108,CLE,85,Box Score,,20562,