Day,Month,DayNumber,Year,StartTime,,VisitorPoints,,HomePoints,AttendeeNumber
Tue,Oct,27,2015,8:00p,DET,106,ATL,94,19187
Tue,Oct,27,2015,8:00p,CLE,95,CHI,97,21957
Tue,Oct,27,2015,10:30p,NOP,95,GSW,111,19596
Wed,Oct,28,2015,7:30p,PHI,95,BOS,112,18624
Wed,Oct,28,2015,7:30p,CHI,115,BKN,100,17732
Wed,Oct,28,2015,7:30p,UTA,87,DET,92,18434
Wed,Oct,28,2015,8:00p,DEN,105,HOU,85,18240
Wed,Oct,28,2015,10:30p,MIN,112,LAL,111,18997
Wed,Oct,28,2015,8:00p,CLE,106,MEM,76,18119
Wed,Oct,28,2015,7:30p,CHA,94,MIA,104,19724
Wed,Oct,28,2015,8:00p,NYK,122,MIL,97,18717
Wed,Oct,28,2015,8:00p,SAS,106,OKC,112,18203
Wed,Oct,28,2015,7:00p,WAS,88,ORL,87,18846
Wed,Oct,28,2015,10:00p,DAL,111,PHX,95,18055
Wed,Oct,28,2015,10:00p,NOP,94,POR,112,19393
Wed,Oct,28,2015,10:00p,LAC,111,SAC,104,17458
Wed,Oct,28,2015,7:30p,IND,99,TOR,106,19800
Thu,Oct,29,2015,7:00p,MEM,112,IND,103,18165
Thu,Oct,29,2015,10:30p,DAL,88,LAC,104,19218
Thu,Oct,29,2015,8:00p,ATL,112,NYK,101,19812
Fri,Oct,30,2015,8:00p,CHA,94,ATL,97,17024
Fri,Oct,30,2015,7:30p,TOR,113,BOS,103,16898
Fri,Oct,30,2015,7:00p,MIA,92,CLE,102,20562
Fri,Oct,30,2015,9:00p,MIN,95,DEN,78,17660
Fri,Oct,30,2015,7:30p,CHI,94,DET,98,16035
Fri,Oct,30,2015,9:30p,GSW,112,HOU,92,18142
Fri,Oct,30,2015,8:00p,WAS,118,MIL,113,13858
Fri,Oct,30,2015,7:00p,OKC,139,ORL,136,18846
Fri,Oct,30,2015,7:00p,UTA,99,PHI,71,17122
Fri,Oct,30,2015,10:30p,POR,92,PHX,110,18055
Fri,Oct,30,2015,10:00p,LAL,114,SAC,132,17391
Fri,Oct,30,2015,8:30p,BKN,75,SAS,102,18418
Sat,Oct,31,2015,7:00p,UTA,97,IND,76,14412
Sat,Oct,31,2015,10:30p,SAC,109,LAC,114,19060
Sat,Oct,31,2015,8:00p,BKN,91,MEM,101,16013
Sat,Oct,31,2015,7:30p,GSW,134,NOP,120,18406
Sat,Oct,31,2015,10:00p,PHX,101,POR,90,17906
Sat,Oct,31,2015,7:00p,NYK,117,WAS,110,20356
Sun,Nov,1,2015,3:30p,SAS,95,BOS,87,17461
Sun,Nov,1,2015,7:00p,ORL,87,CHI,92,21585
Sun,Nov,1,2015,2:00p,ATL,94,CHA,92,18691
Sun,Nov,1,2015,9:30p,DAL,103,LAL,93,18997
Sun,Nov,1,2015,6:00p,HOU,89,MIA,109,19600
Sun,Nov,1,2015,7:00p,DEN,93,OKC,117,18203
Sun,Nov,1,2015,6:00p,MIL,87,TOR,106,19800
Mon,Nov,2,2015,7:30p,MIL,103,BKN,96,12576
Mon,Nov,2,2015,10:30p,MEM,69,GSW,119,19596
Mon,Nov,2,2015,8:00p,OKC,105,HOU,110,17224
Mon,Nov,2,2015,10:30p,PHX,96,LAC,102,19060
Mon,Nov,2,2015,8:00p,POR,106,MIN,101,18903
Mon,Nov,2,2015,7:30p,SAS,94,NYK,84,19812
Mon,Nov,2,2015,7:00p,CLE,107,PHI,100,18094
Tue,Nov,3,2015,7:00p,CHI,105,CHA,130,15136
Tue,Nov,3,2015,8:30p,TOR,102,DAL,91,20034
Tue,Nov,3,2015,7:30p,IND,94,DET,82,13325
Tue,Nov,3,2015,10:30p,DEN,120,LAL,109,18997
Tue,Nov,3,2015,7:30p,ATL,98,MIA,92,19600
Tue,Nov,3,2015,8:00p,ORL,103,NOP,94,16876
Tue,Nov,3,2015,10:00p,MEM,103,SAC,89,17317
Wed,Nov,4,2015,8:00p,BKN,87,ATL,101,14044
Wed,Nov,4,2015,8:00p,NYK,86,CLE,96,20562
Wed,Nov,4,2015,10:30p,LAC,108,GSW,112,19596
Wed,Nov,4,2015,8:00p,ORL,114,HOU,119,16735
Wed,Nov,4,2015,7:00p,BOS,98,IND,100,14022
Wed,Nov,4,2015,8:00p,PHI,87,MIL,91,12437
Wed,Nov,4,2015,8:00p,TOR,103,OKC,98,18203
Wed,Nov,4,2015,9:00p,SAC,97,PHX,118,16497
Wed,Nov,4,2015,9:00p,POR,108,UTA,92,19911
Wed,Nov,4,2015,7:00p,SAS,99,WAS,102,17721
Thu,Nov,5,2015,8:00p,OKC,98,CHI,104,21861
Thu,Nov,5,2015,8:30p,CHA,108,DAL,94,19635
Thu,Nov,5,2015,9:00p,UTA,96,DEN,84,9906
Thu,Nov,5,2015,8:00p,MIA,96,MIN,84,11794
Thu,Nov,5,2015,10:30p,MEM,96,POR,115,19393
Fri,Nov,6,2015,7:30p,WAS,98,BOS,118,18624
Fri,Nov,6,2015,7:30p,LAL,104,BKN,98,17732
Fri,Nov,6,2015,7:30p,PHI,102,CLE,108,20562
Fri,Nov,6,2015,10:30p,DEN,104,GSW,119,19596
Fri,Nov,6,2015,8:00p,MIA,87,IND,90,16914
Fri,Nov,6,2015,8:00p,ATL,121,NOP,115,16983
Fri,Nov,6,2015,7:30p,MIL,99,NYK,92,19812
Fri,Nov,6,2015,7:00p,TOR,87,ORL,92,16578
Fri,Nov,6,2015,9:30p,DET,100,PHX,92,16676
Fri,Nov,6,2015,10:30p,HOU,116,SAC,110,16983
Sat,Nov,7,2015,7:30p,WAS,99,ATL,114,18047
Sat,Nov,7,2015,6:00p,MIN,102,CHI,93,21988
Sat,Nov,7,2015,8:30p,NOP,98,DAL,107,20454
Sat,Nov,7,2015,10:30p,HOU,109,LAC,105,19361
Sat,Nov,7,2015,8:30p,BKN,86,MIL,94,15228
Sat,Nov,7,2015,7:00p,ORL,105,PHI,97,15207
Sat,Nov,7,2015,10:00p,GSW,103,SAC,94,17317
Sat,Nov,7,2015,8:30p,CHA,94,SAS,114,18418
Sat,Nov,7,2015,9:00p,MEM,79,UTA,89,19456
Sun,Nov,8,2015,3:30p,IND,97,CLE,101,20562
Sun,Nov,8,2015,6:00p,TOR,76,MIA,96,19600
Sun,Nov,8,2015,3:30p,LAL,95,NYK,99,19812
Sun,Nov,8,2015,7:00p,PHX,103,OKC,124,18203
Sun,Nov,8,2015,9:00p,DET,120,POR,103,19393
Mon,Nov,9,2015,8:00p,MIN,117,ATL,107,12016
Mon,Nov,9,2015,9:00p,POR,104,DEN,108,9153
Mon,Nov,9,2015,10:30p,DET,95,GSW,109,19596
Mon,Nov,9,2015,7:00p,ORL,84,IND,97,13104
Mon,Nov,9,2015,10:30p,MEM,92,LAC,94,19060
Mon,Nov,9,2015,7:00p,CHI,111,PHI,88,13879
Mon,Nov,9,2015,10:00p,SAS,106,SAC,88,17317
Tue,Nov,10,2015,7:00p,UTA,114,CLE,118,20562
Tue,Nov,10,2015,7:30p,LAL,88,MIA,101,19825
Tue,Nov,10,2015,8:00p,BOS,99,MIL,83,11822
Tue,Nov,10,2015,8:00p,CHA,104,MIN,95,14722
Tue,Nov,10,2015,8:00p,DAL,105,NOP,120,17128
Tue,Nov,10,2015,7:30p,NYK,111,TOR,109,19800
Tue,Nov,10,2015,7:00p,OKC,125,WAS,101,20356
Wed,Nov,11,2015,8:00p,NOP,98,ATL,106,15597
Wed,Nov,11,2015,7:30p,IND,102,BOS,91,17879
Wed,Nov,11,2015,7:00p,NYK,93,CHA,95,16643
Wed,Nov,11,2015,8:00p,LAC,108,DAL,118,19805
Wed,Nov,11,2015,9:00p,MIL,102,DEN,103,9403
Wed,Nov,11,2015,8:00p,BKN,106,HOU,98,18155
Wed,Nov,11,2015,8:00p,GSW,100,MEM,84,18119
Wed,Nov,11,2015,7:00p,LAL,99,ORL,101,18846
Wed,Nov,11,2015,7:00p,TOR,119,PHI,103,12744
Wed,Nov,11,2015,10:30p,SAS,113,POR,101,19393
Wed,Nov,11,2015,10:00p,DET,92,SAC,101,17317
Thu,Nov,12,2015,7:30p,UTA,91,MIA,92,19600
Thu,Nov,12,2015,8:00p,GSW,129,MIN,116,16130
Thu,Nov,12,2015,10:30p,LAC,104,PHX,118,17204
Fri,Nov,13,2015,7:30p,ATL,93,BOS,106,17138
Fri,Nov,13,2015,8:00p,CHA,97,CHI,102,21749
Fri,Nov,13,2015,8:30p,LAL,82,DAL,90,20260
Fri,Nov,13,2015,9:00p,HOU,98,DEN,107,16113
Fri,Nov,13,2015,7:00p,MIN,103,IND,107,16797
Fri,Nov,13,2015,8:00p,POR,100,MEM,101,16919
Fri,Nov,13,2015,7:30p,CLE,90,NYK,84,19812
Fri,Nov,13,2015,8:00p,PHI,85,OKC,102,18203
Fri,Nov,13,2015,7:00p,UTA,93,ORL,102,16709
Fri,Nov,13,2015,10:00p,BKN,109,SAC,111,17131
Fri,Nov,13,2015,7:30p,NOP,81,TOR,100,19800
Sat,Nov,14,2015,10:30p,BKN,99,GSW,107,19596
Sat,Nov,14,2015,8:00p,DAL,110,HOU,98,18231
Sat,Nov,14,2015,3:30p,DET,96,LAC,101,19060
Sat,Nov,14,2015,8:30p,CLE,105,MIL,108,18717
Sat,Nov,14,2015,9:00p,DEN,81,PHX,105,16722
Sat,Nov,14,2015,8:30p,PHI,83,SAS,92,18418
Sat,Nov,14,2015,7:00p,ORL,99,WAS,108,18311
Sun,Nov,15,2015,6:00p,UTA,97,ATL,96,14436
Sun,Nov,15,2015,5:00p,POR,94,CHA,106,15317
Sun,Nov,15,2015,9:30p,DET,85,LAL,97,18997
Sun,Nov,15,2015,3:30p,MEM,114,MIN,106,12086
Sun,Nov,15,2015,12:00p,NOP,87,NYK,95,19812
Sun,Nov,15,2015,7:00p,BOS,100,OKC,85,18203
Sun,Nov,15,2015,9:00p,TOR,101,SAC,107,17006
Mon,Nov,16,2015,8:00p,IND,95,CHI,96,21660
Mon,Nov,16,2015,8:00p,BOS,111,HOU,95,17005
Mon,Nov,16,2015,8:00p,OKC,114,MEM,122,17270
Mon,Nov,16,2015,7:00p,DAL,92,PHI,86,11555
Mon,Nov,16,2015,9:00p,LAL,101,PHX,120,18055
Mon,Nov,16,2015,8:30p,POR,80,SAS,93,18418
Tue,Nov,17,2015,7:30p,ATL,88,BKN,90,12241
Tue,Nov,17,2015,7:30p,CLE,99,DET,104,18442
Tue,Nov,17,2015,10:30p,TOR,110,GSW,115,19596
Tue,Nov,17,2015,7:30p,MIN,103,MIA,91,19600
Tue,Nov,17,2015,8:00p,DEN,115,NOP,98,17269
Tue,Nov,17,2015,7:30p,CHA,94,NYK,102,19812
Tue,Nov,17,2015,7:00p,MIL,86,WAS,115,15485
Wed,Nov,18,2015,8:00p,SAC,97,ATL,103,13008
Wed,Nov,18,2015,7:30p,DAL,106,BOS,102,17262
Wed,Nov,18,2015,7:00p,BKN,111,CHA,116,14040
Wed,Nov,18,2015,8:00p,POR,103,HOU,108,17107
Wed,Nov,18,2015,8:00p,NOP,103,OKC,110,18203
Wed,Nov,18,2015,7:00p,MIN,101,ORL,104,16048
Wed,Nov,18,2015,7:00p,IND,112,PHI,85,11080
Wed,Nov,18,2015,10:30p,CHI,103,PHX,97,17377
Wed,Nov,18,2015,8:30p,DEN,98,SAS,109,18418
Wed,Nov,18,2015,9:00p,TOR,89,UTA,93,18741
Thu,Nov,19,2015,8:00p,MIL,100,CLE,115,20562
Thu,Nov,19,2015,10:30p,GSW,124,LAC,117,19528
Thu,Nov,19,2015,7:30p,SAC,109,MIA,116,19600
Fri,Nov,20,2015,7:30p,BKN,95,BOS,120,18361
Fri,Nov,20,2015,7:00p,PHI,88,CHA,113,17926
Fri,Nov,20,2015,8:30p,UTA,93,DAL,102,20028
Fri,Nov,20,2015,9:00p,PHX,114,DEN,107,12264
Fri,Nov,20,2015,10:30p,CHI,94,GSW,106,19596
Fri,Nov,20,2015,10:30p,TOR,102,LAL,91,18997
Fri,Nov,20,2015,8:00p,HOU,84,MEM,96,17555
Fri,Nov,20,2015,8:00p,DET,96,MIN,86,13445
Fri,Nov,20,2015,8:00p,SAS,90,NOP,104,16698
Fri,Nov,20,2015,8:00p,NYK,93,OKC,90,18203
Fri,Nov,20,2015,10:00p,LAC,91,POR,102,19393
Sat,Nov,21,2015,7:30p,ATL,97,CLE,109,20562
Sat,Nov,21,2015,7:30p,WAS,97,DET,95,15890
Sat,Nov,21,2015,8:00p,NYK,107,HOU,102,18226
Sat,Nov,21,2015,7:00p,MIL,86,IND,123,17137
Sat,Nov,21,2015,8:00p,PHI,91,MIA,96,19673
Sat,Nov,21,2015,5:00p,SAC,97,ORL,91,16104
Sat,Nov,21,2015,8:30p,MEM,82,SAS,92,18418
Sun,Nov,22,2015,6:00p,BOS,101,BKN,111,14866
Sun,Nov,22,2015,8:00p,GSW,118,DEN,105,17689
Sun,Nov,22,2015,3:30p,TOR,91,LAC,80,19060
Sun,Nov,22,2015,9:30p,POR,107,LAL,93,18997
Sun,Nov,22,2015,6:00p,PHX,116,NOP,122,16680
Sun,Nov,22,2015,7:00p,DAL,114,OKC,117,18203
Mon,Nov,23,2015,7:00p,SAC,122,CHA,127,14163
Mon,Nov,23,2015,7:00p,ORL,103,CLE,117,20562
Mon,Nov,23,2015,7:30p,NYK,78,MIA,95,19777
Mon,Nov,23,2015,8:00p,DET,88,MIL,109,12319
Mon,Nov,23,2015,8:00p,PHI,95,MIN,100,11382
Mon,Nov,23,2015,8:30p,PHX,84,SAS,98,18418
Mon,Nov,23,2015,9:00p,OKC,111,UTA,89,19911
Tue,Nov,24,2015,8:00p,BOS,97,ATL,121,18968
Tue,Nov,24,2015,9:00p,LAC,111,DEN,94,13257
Tue,Nov,24,2015,10:30p,LAL,77,GSW,111,19596
Tue,Nov,24,2015,8:00p,DAL,96,MEM,110,17381
Tue,Nov,24,2015,10:00p,CHI,93,POR,88,19393
Tue,Nov,24,2015,7:00p,IND,123,WAS,106,15486
Wed,Nov,25,2015,7:30p,PHI,80,BOS,84,17588
Wed,Nov,25,2015,7:00p,WAS,87,CHA,101,17064
Wed,Nov,25,2015,7:30p,MIA,81,DET,104,15119
Wed,Nov,25,2015,8:00p,MEM,102,HOU,93,18143
Wed,Nov,25,2015,10:30p,UTA,102,LAC,91,19060
Wed,Nov,25,2015,8:00p,SAC,129,MIL,118,14120
Wed,Nov,25,2015,8:00p,ATL,95,MIN,99,14289
Wed,Nov,25,2015,8:00p,BKN,99,OKC,110,18203
Wed,Nov,25,2015,7:00p,NYK,91,ORL,100,18846
Wed,Nov,25,2015,9:00p,NOP,120,PHX,114,16338
Wed,Nov,25,2015,8:30p,DAL,83,SAS,88,18418
Wed,Nov,25,2015,7:30p,CLE,99,TOR,103,20140
Fri,Nov,27,2015,7:30p,WAS,78,BOS,111,18624
Fri,Nov,27,2015,7:00p,CLE,95,CHA,90,19093
Fri,Nov,27,2015,9:00p,SAS,91,DEN,80,17121
Fri,Nov,27,2015,8:00p,PHI,114,HOU,116,17306
Fri,Nov,27,2015,8:00p,CHI,92,IND,104,18165
Fri,Nov,27,2015,10:30p,NOP,90,LAC,111,19162
Fri,Nov,27,2015,8:00p,ATL,116,MEM,101,17684
Fri,Nov,27,2015,7:30p,MIA,97,NYK,78,19812
Fri,Nov,27,2015,8:00p,DET,87,OKC,103,18203
Fri,Nov,27,2015,7:00p,MIL,90,ORL,114,16317
Fri,Nov,27,2015,9:30p,GSW,135,PHX,116,18055
Fri,Nov,27,2015,10:00p,MIN,101,SAC,91,17317
Sat,Nov,28,2015,7:30p,BKN,88,CLE,90,20562
Sat,Nov,28,2015,8:30p,DEN,81,DAL,92,20339
Sat,Nov,28,2015,10:30p,SAC,101,GSW,120,19596
Sat,Nov,28,2015,10:00p,LAL,96,POR,108,20019
Sat,Nov,28,2015,8:30p,ATL,88,SAS,108,18418
Sat,Nov,28,2015,9:00p,NOP,87,UTA,101,19911
Sat,Nov,28,2015,7:00p,TOR,84,WAS,82,16841
Sun,Nov,29,2015,6:00p,DET,83,BKN,87,12823
Sun,Nov,29,2015,2:00p,MIL,82,CHA,87,14224
Sun,Nov,29,2015,3:30p,MIN,99,LAC,107,19060
Sun,Nov,29,2015,9:30p,IND,107,LAL,103,18997
Sun,Nov,29,2015,6:00p,PHI,84,MEM,92,15322
Sun,Nov,29,2015,7:30p,HOU,116,NYK,111,19812
Sun,Nov,29,2015,6:00p,BOS,91,ORL,110,16209
Sun,Nov,29,2015,6:00p,PHX,107,TOR,102,19800
Mon,Nov,30,2015,8:00p,OKC,100,ATL,106,17768
Mon,Nov,30,2015,8:00p,SAS,89,CHI,92,21909
Mon,Nov,30,2015,7:30p,HOU,105,DET,116,14818
Mon,Nov,30,2015,10:30p,POR,87,LAC,102,19060
Mon,Nov,30,2015,7:30p,BOS,105,MIA,95,19600
Mon,Nov,30,2015,8:00p,DEN,74,MIL,92,10187
Mon,Nov,30,2015,10:00p,DAL,98,SAC,112,16937
Mon,Nov,30,2015,9:00p,GSW,106,UTA,103,19911
Tue,Dec,1,2015,7:30p,PHX,91,BKN,94,12787
Tue,Dec,1,2015,7:00p,WAS,97,CLE,85,20562
Tue,Dec,1,2015,8:00p,ORL,96,MIN,93,10694
Tue,Dec,1,2015,8:00p,MEM,113,NOP,104,16020
Tue,Dec,1,2015,7:00p,LAL,91,PHI,103,20510
Tue,Dec,1,2015,10:00p,DAL,115,POR,112,19393
Wed,Dec,2,2015,8:00p,TOR,96,ATL,86,12559
Wed,Dec,2,2015,8:00p,DEN,90,CHI,99,21349
Wed,Dec,2,2015,7:00p,GSW,116,CHA,99,19542
Wed,Dec,2,2015,7:30p,PHX,122,DET,127,13985
Wed,Dec,2,2015,8:00p,NOP,101,HOU,108,17339
Wed,Dec,2,2015,10:30p,IND,103,LAC,91,19060
Wed,Dec,2,2015,7:30p,PHI,87,NYK,99,19812
Wed,Dec,2,2015,8:30p,MIL,70,SAS,95,18418
Wed,Dec,2,2015,7:00p,LAL,108,WAS,104,20356
Thu,Dec,3,2015,9:30p,SAS,103,MEM,83,17013
Thu,Dec,3,2015,7:00p,OKC,95,MIA,97,19600
Thu,Dec,3,2015,10:00p,IND,111,POR,123,19206
Thu,Dec,3,2015,10:00p,BOS,114,SAC,97,18660
Thu,Dec,3,2015,7:30p,DEN,106,TOR,105,19800
Thu,Dec,3,2015,9:00p,ORL,103,UTA,94,19247
Fri,Dec,4,2015,8:00p,LAL,87,ATL,100,19051
Fri,Dec,4,2015,8:30p,HOU,100,DAL,96,20339
Fri,Dec,4,2015,7:30p,MIL,95,DET,102,16963
Fri,Dec,4,2015,9:30p,CLE,108,NOP,114,17906
Fri,Dec,4,2015,7:00p,BKN,91,NYK,108,19812
Fri,Dec,4,2015,7:00p,PHX,106,WAS,109,17255
Sat,Dec,5,2015,8:00p,CHA,102,CHI,96,21770
Sat,Dec,5,2015,8:00p,SAC,113,HOU,120,17318
Sat,Dec,5,2015,10:30p,ORL,101,LAC,103,19146
Sat,Dec,5,2015,8:00p,CLE,84,MIA,99,19600
Sat,Dec,5,2015,8:30p,NYK,91,MIL,106,16223
Sat,Dec,5,2015,8:00p,POR,109,MIN,103,16203
Sat,Dec,5,2015,1:00p,DEN,108,PHI,105,15677
Sat,Dec,5,2015,8:30p,BOS,105,SAS,108,18418
Sat,Dec,5,2015,5:00p,GSW,112,TOR,109,20160
Sat,Dec,5,2015,9:00p,IND,119,UTA,122,19500
Sun,Dec,6,2015,6:00p,GSW,114,BKN,98,17732
Sun,Dec,6,2015,6:00p,LAL,91,DET,111,20228
Sun,Dec,6,2015,3:30p,PHX,93,MEM,95,16022
Sun,Dec,6,2015,7:00p,SAC,95,OKC,98,18203
Sun,Dec,6,2015,6:00p,DAL,116,WAS,104,16394
Mon,Dec,7,2015,8:00p,PHX,103,CHI,101,21337
Mon,Dec,7,2015,7:00p,DET,84,CHA,104,15481
Mon,Dec,7,2015,7:30p,WAS,114,MIA,103,19600
Mon,Dec,7,2015,8:00p,POR,88,MIL,90,14389
Mon,Dec,7,2015,8:00p,LAC,110,MIN,106,11467
Mon,Dec,7,2015,8:00p,BOS,111,NOP,93,15715
Mon,Dec,7,2015,7:30p,DAL,104,NYK,97,19812
Mon,Dec,7,2015,7:00p,SAS,119,PHI,68,14449
Mon,Dec,7,2015,7:30p,LAL,93,TOR,102,20163
Tue,Dec,8,2015,7:30p,HOU,105,BKN,110,13319
Tue,Dec,8,2015,7:00p,POR,100,CLE,105,20562
Tue,Dec,8,2015,9:00p,ORL,85,DEN,74,13925
Tue,Dec,8,2015,7:00p,GSW,131,IND,123,18165
Tue,Dec,8,2015,8:00p,OKC,125,MEM,88,16415
Tue,Dec,8,2015,10:00p,UTA,106,SAC,114,16505
Wed,Dec,9,2015,7:00p,CHI,100,BOS,105,17318
Wed,Dec,9,2015,7:00p,MIA,81,CHA,99,17404
Wed,Dec,9,2015,9:30p,ATL,98,DAL,95,19936
Wed,Dec,9,2015,7:30p,MEM,93,DET,92,13411
Wed,Dec,9,2015,8:00p,LAC,109,MIL,95,14224
Wed,Dec,9,2015,8:00p,LAL,122,MIN,123,18076
Wed,Dec,9,2015,9:00p,ORL,104,PHX,107,17637
Wed,Dec,9,2015,7:30p,SAS,94,TOR,97,19800
Wed,Dec,9,2015,9:00p,NYK,85,UTA,106,18586
Wed,Dec,9,2015,7:00p,HOU,109,WAS,103,16041
Thu,Dec,10,2015,7:30p,PHI,91,BKN,100,13266
Thu,Dec,10,2015,8:00p,LAC,80,CHI,83,21491
Thu,Dec,10,2015,8:00p,ATL,94,OKC,107,18203
Thu,Dec,10,2015,10:30p,NYK,97,SAC,99,17317
Fri,Dec,11,2015,7:30p,GSW,124,BOS,119,18624
Fri,Dec,11,2015,9:00p,MIN,108,DEN,111,12533
Fri,Dec,11,2015,7:00p,MIA,83,IND,96,16184
Fri,Dec,11,2015,8:00p,CHA,123,MEM,99,17111
Fri,Dec,11,2015,8:00p,WAS,105,NOP,107,16875
Fri,Dec,11,2015,7:00p,CLE,111,ORL,76,17239
Fri,Dec,11,2015,7:00p,DET,107,PHI,95,17239
Fri,Dec,11,2015,9:30p,POR,106,PHX,96,17028
Fri,Dec,11,2015,9:30p,LAL,87,SAS,109,18418
Fri,Dec,11,2015,7:30p,MIL,83,TOR,90,19800
Fri,Dec,11,2015,9:00p,OKC,94,UTA,90,19911
Sat,Dec,12,2015,8:00p,SAS,103,ATL,78,17752
Sat,Dec,12,2015,5:00p,LAC,105,BKN,100,15689
Sat,Dec,12,2015,8:00p,NOP,94,CHI,98,21605
Sat,Dec,12,2015,7:00p,BOS,98,CHA,93,18490
Sat,Dec,12,2015,8:30p,WAS,114,DAL,111,20088
Sat,Dec,12,2015,7:30p,IND,96,DET,118,14858
Sat,Dec,12,2015,8:00p,LAL,97,HOU,126,18456
Sat,Dec,12,2015,8:30p,GSW,95,MIL,108,18717
Sat,Dec,12,2015,10:00p,NYK,112,POR,110,19511
Sun,Dec,13,2015,6:00p,MEM,97,MIA,100,19813
Sun,Dec,13,2015,7:00p,UTA,98,OKC,104,18203
Sun,Dec,13,2015,3:30p,MIN,101,PHX,108,16919
Sun,Dec,13,2015,6:00p,PHI,76,TOR,96,19800
Mon,Dec,14,2015,8:00p,MIA,100,ATL,88,15039
Mon,Dec,14,2015,7:30p,ORL,105,BKN,82,12946
Mon,Dec,14,2015,8:00p,PHI,96,CHI,115,21166
Mon,Dec,14,2015,8:30p,PHX,94,DAL,104,19822
Mon,Dec,14,2015,9:00p,HOU,108,DEN,114,12022
Mon,Dec,14,2015,7:30p,LAC,105,DET,103,13525
Mon,Dec,14,2015,7:00p,TOR,90,IND,106,16598
Mon,Dec,14,2015,8:00p,WAS,95,MEM,112,15397
Mon,Dec,14,2015,10:00p,NOP,101,POR,105,19231
Mon,Dec,14,2015,8:30p,UTA,81,SAS,118,18418
Tue,Dec,15,2015,7:30p,CLE,89,BOS,77,18624
Tue,Dec,15,2015,10:30p,MIL,95,LAL,113,18997
Tue,Dec,15,2015,8:00p,DEN,112,MIN,100,11323
Tue,Dec,15,2015,10:00p,HOU,97,SAC,107,17317
Wed,Dec,16,2015,8:00p,PHI,106,ATL,127,14827
Wed,Dec,16,2015,7:30p,MIA,104,BKN,98,15113
Wed,Dec,16,2015,8:00p,MEM,85,CHI,98,21032
Wed,Dec,16,2015,7:30p,BOS,116,DET,119,13120
Wed,Dec,16,2015,10:30p,PHX,103,GSW,128,19596
Wed,Dec,16,2015,7:00p,DAL,81,IND,107,14824
Wed,Dec,16,2015,10:30p,MIL,90,LAC,103,19060
Wed,Dec,16,2015,7:30p,MIN,102,NYK,107,19812
Wed,Dec,16,2015,8:00p,POR,90,OKC,106,18203
Wed,Dec,16,2015,7:00p,CHA,98,ORL,113,16019
Wed,Dec,16,2015,8:30p,WAS,95,SAS,114,18418
Wed,Dec,16,2015,9:00p,NOP,104,UTA,94,17899
Thu,Dec,17,2015,7:00p,TOR,99,CHA,109,15817
Thu,Dec,17,2015,8:00p,OKC,100,CLE,104,20562
Thu,Dec,17,2015,10:30p,HOU,107,LAL,87,18997
Fri,Dec,18,2015,7:30p,ATL,109,BOS,101,18624
Fri,Dec,18,2015,8:00p,DET,147,CHI,144,21534
Fri,Dec,18,2015,8:30p,MEM,88,DAL,97,20199
Fri,Dec,18,2015,10:30p,MIL,112,GSW,121,19596
Fri,Dec,18,2015,7:00p,BKN,97,IND,104,16548
Fri,Dec,18,2015,8:00p,TOR,108,MIA,94,19600
Fri,Dec,18,2015,8:00p,SAC,95,MIN,99,12770
Fri,Dec,18,2015,7:00p,POR,94,ORL,102,17156
Fri,Dec,18,2015,7:00p,NYK,107,PHI,97,17880
Fri,Dec,18,2015,10:30p,NOP,88,PHX,104,17227
Fri,Dec,18,2015,8:00p,LAC,107,SAS,115,18418
Fri,Dec,18,2015,9:00p,DEN,88,UTA,97,19169
Sat,Dec,19,2015,8:00p,LAC,97,HOU,107,18212
Sat,Dec,19,2015,8:00p,IND,84,MEM,96,18119
Sat,Dec,19,2015,7:30p,CHI,91,NYK,107,19812
Sat,Dec,19,2015,5:00p,LAL,78,OKC,118,18203
Sat,Dec,19,2015,7:00p,CHA,101,WAS,109,16987
Sun,Dec,20,2015,1:00p,MIN,100,BKN,85,14552
Sun,Dec,20,2015,3:30p,PHI,86,CLE,108,20562
Sun,Dec,20,2015,8:00p,NOP,130,DEN,125,13857
Sun,Dec,20,2015,1:00p,POR,109,MIA,116,19600
Sun,Dec,20,2015,6:00p,ATL,103,ORL,100,16982
Sun,Dec,20,2015,5:00p,MIL,101,PHX,95,16859
Sun,Dec,20,2015,6:00p,SAC,104,TOR,94,19800
Mon,Dec,21,2015,8:00p,POR,97,ATL,106,18373
Mon,Dec,21,2015,7:30p,MIN,99,BOS,113,18624
Mon,Dec,21,2015,8:00p,BKN,105,CHI,102,21825
Mon,Dec,21,2015,8:00p,CHA,95,HOU,102,18236
Mon,Dec,21,2015,10:30p,OKC,100,LAC,99,19415
Mon,Dec,21,2015,7:30p,ORL,107,NYK,99,19812
Mon,Dec,21,2015,8:30p,IND,92,SAS,106,18418
Mon,Dec,21,2015,9:00p,PHX,89,UTA,110,19911
Mon,Dec,21,2015,7:00p,SAC,99,WAS,113,15124
Tue,Dec,22,2015,9:00p,LAL,111,DEN,107,19124
Tue,Dec,22,2015,7:30p,DET,93,MIA,92,19901
Tue,Dec,22,2015,7:00p,MEM,104,PHI,90,15552
Tue,Dec,22,2015,7:30p,DAL,99,TOR,103,19800
Wed,Dec,23,2015,8:00p,DET,100,ATL,107,17575
Wed,Dec,23,2015,7:30p,DAL,119,BKN,118,15994
Wed,Dec,23,2015,7:00p,BOS,102,CHA,89,19082
Wed,Dec,23,2015,7:00p,NYK,84,CLE,91,20562
Wed,Dec,23,2015,10:30p,UTA,85,GSW,103,19596
Wed,Dec,23,2015,7:00p,SAC,108,IND,106,18165
Wed,Dec,23,2015,10:30p,OKC,120,LAL,85,18997
Wed,Dec,23,2015,8:00p,PHI,100,MIL,113,15754
Wed,Dec,23,2015,8:00p,SAS,108,MIN,83,16788
Wed,Dec,23,2015,8:00p,POR,89,NOP,115,16686
Wed,Dec,23,2015,7:00p,HOU,101,ORL,104,17061
Wed,Dec,23,2015,9:00p,DEN,104,PHX,96,17034
Wed,Dec,23,2015,7:00p,MEM,91,WAS,100,15879
Fri,Dec,25,2015,5:00p,CLE,83,GSW,89,19596
Fri,Dec,25,2015,8:00p,SAS,84,HOU,88,18319
Fri,Dec,25,2015,10:30p,LAC,94,LAL,84,18997
Fri,Dec,25,2015,12:00p,NOP,88,MIA,94,19845
Fri,Dec,25,2015,2:30p,CHI,105,OKC,96,18203
Sat,Dec,26,2015,7:30p,NYK,98,ATL,117,19015
Sat,Dec,26,2015,4:00p,WAS,111,BKN,96,17732
Sat,Dec,26,2015,7:00p,MEM,92,CHA,98,19091
Sat,Dec,26,2015,8:30p,CHI,111,DAL,118,20392
Sat,Dec,26,2015,7:30p,BOS,99,DET,93,18288
Sat,Dec,26,2015,5:00p,TOR,111,MIL,90,16329
Sat,Dec,26,2015,8:00p,IND,102,MIN,88,15076
Sat,Dec,26,2015,7:00p,HOU,108,NOP,110,18248
Sat,Dec,26,2015,7:00p,MIA,108,ORL,101,18846
Sat,Dec,26,2015,9:00p,PHI,111,PHX,104,17548
Sat,Dec,26,2015,10:00p,CLE,76,POR,105,19393
Sat,Dec,26,2015,8:30p,DEN,86,SAS,101,18420
Sat,Dec,26,2015,9:00p,LAC,109,UTA,104,19911
Sun,Dec,27,2015,7:00p,NYK,91,BOS,100,18624
Sun,Dec,27,2015,6:00p,LAL,96,MEM,112,18119
Sun,Dec,27,2015,7:00p,DEN,112,OKC,122,18203
Sun,Dec,27,2015,9:00p,POR,98,SAC,94,17317
Mon,Dec,28,2015,8:00p,TOR,97,CHI,104,21898
Mon,Dec,28,2015,7:00p,LAL,98,CHA,108,19632
Mon,Dec,28,2015,8:30p,MIL,93,DAL,103,20300
Mon,Dec,28,2015,10:30p,SAC,103,GSW,122,19596
Mon,Dec,28,2015,7:00p,ATL,87,IND,93,18165
Mon,Dec,28,2015,7:30p,BKN,111,MIA,105,19975
Mon,Dec,28,2015,7:00p,NOP,89,ORL,104,17606
Mon,Dec,28,2015,9:00p,CLE,101,PHX,97,18319
Mon,Dec,28,2015,8:30p,MIN,95,SAS,101,18493
Mon,Dec,28,2015,9:00p,PHI,91,UTA,95,19911
Mon,Dec,28,2015,7:00p,LAC,108,WAS,91,20356
Tue,Dec,29,2015,9:00p,CLE,93,DEN,87,17523
Tue,Dec,29,2015,8:00p,ATL,121,HOU,115,18211
Tue,Dec,29,2015,8:00p,MIA,90,MEM,99,18119
Tue,Dec,29,2015,7:30p,DET,96,NYK,108,19812
Tue,Dec,29,2015,8:00p,MIL,123,OKC,131,18203
Wed,Dec,30,2015,7:30p,LAL,112,BOS,104,18624
Wed,Dec,30,2015,8:00p,IND,100,CHI,102,22206
Wed,Dec,30,2015,7:00p,LAC,122,CHA,117,19145
Wed,Dec,30,2015,8:30p,GSW,91,DAL,114,20494
Wed,Dec,30,2015,8:00p,UTA,80,MIN,94,14326
Wed,Dec,30,2015,7:00p,BKN,93,ORL,100,18397
Wed,Dec,30,2015,10:00p,DEN,103,POR,110,19393
Wed,Dec,30,2015,10:00p,PHI,110,SAC,105,17317
Wed,Dec,30,2015,8:30p,PHX,79,SAS,112,18418
Wed,Dec,30,2015,7:30p,WAS,91,TOR,94,19800
Thu,Dec,31,2015,6:00p,MIN,90,DET,115,15475
Thu,Dec,31,2015,7:00p,GSW,114,HOU,110,18313
Thu,Dec,31,2015,6:00p,MIL,120,IND,116,16348
Thu,Dec,31,2015,8:00p,LAC,95,NOP,89,16920
Thu,Dec,31,2015,8:00p,PHX,106,OKC,110,18203
Thu,Dec,31,2015,9:00p,POR,96,UTA,109,19380
Fri,Jan,1,2016,8:00p,NYK,81,CHI,108,22443
Fri,Jan,1,2016,10:30p,PHI,84,LAL,93,18997
Fri,Jan,1,2016,7:30p,DAL,82,MIA,106,19748
Fri,Jan,1,2016,7:30p,CHA,94,TOR,104,19800
Fri,Jan,1,2016,7:00p,ORL,91,WAS,103,16986
Sat,Jan,2,2016,3:00p,BKN,100,BOS,97,18624
Sat,Jan,2,2016,7:00p,OKC,109,CHA,90,19387
Sat,Jan,2,2016,7:30p,ORL,79,CLE,104,20562
Sat,Jan,2,2016,8:30p,NOP,105,DAL,98,20152
Sat,Jan,2,2016,10:30p,DEN,108,GSW,111,19596
Sat,Jan,2,2016,7:00p,DET,82,IND,94,18165
Sat,Jan,2,2016,10:30p,PHI,99,LAC,130,19212
Sat,Jan,2,2016,8:00p,MIL,95,MIN,85,14107
Sat,Jan,2,2016,5:00p,PHX,119,SAC,142,17317
Sat,Jan,2,2016,8:30p,HOU,103,SAS,121,18652
Sat,Jan,2,2016,9:00p,MEM,87,UTA,92,18455
Sun,Jan,3,2016,9:00p,POR,112,DEN,106,11883
Sun,Jan,3,2016,9:30p,PHX,77,LAL,97,18997
Sun,Jan,3,2016,3:30p,ATL,97,NYK,111,19812
Sun,Jan,3,2016,3:30p,CHI,115,TOR,113,19800
Sun,Jan,3,2016,6:00p,MIA,97,WAS,75,17793
Mon,Jan,4,2016,7:30p,BOS,103,BKN,94,15448
Mon,Jan,4,2016,7:00p,TOR,100,CLE,122,20562
Mon,Jan,4,2016,7:30p,ORL,89,DET,115,14301
Mon,Jan,4,2016,10:30p,CHA,101,GSW,111,19596
Mon,Jan,4,2016,7:30p,IND,100,MIA,103,19874
Mon,Jan,4,2016,8:00p,SAS,123,MIL,98,14718
Mon,Jan,4,2016,8:00p,SAC,116,OKC,104,18203
Mon,Jan,4,2016,7:00p,MIN,99,PHI,109,14013
Mon,Jan,4,2016,10:00p,MEM,91,POR,78,18832
Mon,Jan,4,2016,9:00p,HOU,93,UTA,91,17912
Tue,Jan,5,2016,8:00p,NYK,107,ATL,101,15082
Tue,Jan,5,2016,8:00p,MIL,106,CHI,117,21686
Tue,Jan,5,2016,8:30p,SAC,116,DAL,117,20059
Tue,Jan,5,2016,10:30p,GSW,109,LAL,88,18997
Wed,Jan,6,2016,7:30p,DET,99,BOS,94,18624
Wed,Jan,6,2016,7:30p,TOR,91,BKN,74,14544
Wed,Jan,6,2016,7:00p,NYK,98,MIA,90,19987
Wed,Jan,6,2016,8:00p,DEN,78,MIN,74,12059
Wed,Jan,6,2016,8:00p,DAL,100,NOP,91,15255
Wed,Jan,6,2016,9:30p,MEM,94,OKC,112,18203
Wed,Jan,6,2016,7:00p,IND,95,ORL,86,18846
Wed,Jan,6,2016,9:00p,CHA,102,PHX,111,16910
Wed,Jan,6,2016,10:00p,LAC,109,POR,98,18598
Wed,Jan,6,2016,8:30p,UTA,98,SAS,123,18418
Wed,Jan,6,2016,7:00p,CLE,121,WAS,115,20356
Thu,Jan,7,2016,8:00p,BOS,92,CHI,101,21497
Thu,Jan,7,2016,8:00p,UTA,94,HOU,103,18155
Thu,Jan,7,2016,7:00p,ATL,126,PHI,98,12611
Thu,Jan,7,2016,10:30p,LAL,115,SAC,118,17386
Fri,Jan,8,2016,7:30p,ORL,83,BKN,77,13907
Fri,Jan,8,2016,10:30p,OKC,117,LAL,113,18997
Fri,Jan,8,2016,8:00p,DEN,84,MEM,91,17499
Fri,Jan,8,2016,8:00p,DAL,95,MIL,96,16409
Fri,Jan,8,2016,8:00p,CLE,125,MIN,99,16768
Fri,Jan,8,2016,8:00p,IND,91,NOP,86,16895
Fri,Jan,8,2016,9:30p,MIA,103,PHX,95,16866
Fri,Jan,8,2016,10:00p,GSW,128,POR,108,20035
Fri,Jan,8,2016,8:30p,NYK,99,SAS,100,18420
Fri,Jan,8,2016,7:00p,TOR,97,WAS,88,17064
Sat,Jan,9,2016,5:00p,CHI,105,ATL,120,19010
Sat,Jan,9,2016,7:30p,BKN,89,DET,103,16406
Sat,Jan,9,2016,3:30p,CHA,83,LAC,97,19060
Sat,Jan,9,2016,7:00p,WAS,105,ORL,99,18058
Sat,Jan,9,2016,7:30p,TOR,108,PHI,95,14100
Sat,Jan,9,2016,10:00p,GSW,128,SAC,116,17317
Sat,Jan,9,2016,9:00p,MIA,83,UTA,98,19911
Sun,Jan,10,2016,8:00p,CHA,92,DEN,95,11343
Sun,Jan,10,2016,7:00p,IND,103,HOU,107,18133
Sun,Jan,10,2016,3:30p,NOP,111,LAC,114,19060
Sun,Jan,10,2016,9:30p,UTA,86,LAL,74,18997
Sun,Jan,10,2016,6:00p,BOS,98,MEM,101,17112
Sun,Jan,10,2016,5:00p,DAL,93,MIN,87,14363
Sun,Jan,10,2016,7:30p,MIL,88,NYK,100,19812
Sun,Jan,10,2016,6:00p,CLE,95,PHI,85,19226
Sun,Jan,10,2016,9:00p,OKC,110,POR,115,19393
Mon,Jan,11,2016,7:30p,SAS,106,BKN,79,15214
Mon,Jan,11,2016,8:00p,WAS,114,CHI,100,21409
Mon,Jan,11,2016,10:30p,MIA,103,GSW,111,19596
Tue,Jan,12,2016,8:30p,CLE,110,DAL,107,20347
Tue,Jan,12,2016,7:30p,SAS,109,DET,99,14273
Tue,Jan,12,2016,7:00p,PHX,97,IND,116,15284
Tue,Jan,12,2016,10:30p,NOP,91,LAL,95,18997
Tue,Jan,12,2016,8:00p,HOU,107,MEM,91,16044
Tue,Jan,12,2016,8:00p,CHI,101,MIL,106,16867
Tue,Jan,12,2016,8:00p,OKC,101,MIN,96,14791
Tue,Jan,12,2016,7:30p,BOS,114,NYK,120,19812
Wed,Jan,13,2016,8:00p,IND,94,BOS,103,18624
Wed,Jan,13,2016,7:30p,NYK,104,BKN,110,17732
Wed,Jan,13,2016,7:00p,ATL,84,CHA,107,15334
Wed,Jan,13,2016,9:00p,GSW,110,DEN,112,18004
Wed,Jan,13,2016,8:00p,MIN,104,HOU,107,17115
Wed,Jan,13,2016,10:30p,MIA,90,LAC,104,19194
Wed,Jan,13,2016,8:00p,DAL,89,OKC,108,18203
Wed,Jan,13,2016,10:00p,UTA,85,POR,99,19393
Wed,Jan,13,2016,10:00p,NOP,109,SAC,97,17317
Wed,Jan,13,2016,7:00p,MIL,101,WAS,106,16248
Thu,Jan,14,2016,10:30p,LAL,98,GSW,116,19596
Thu,Jan,14,2016,8:00p,DET,101,MEM,103,15977
Thu,Jan,14,2016,3:00p,TOR,106,ORL,103,18689
Thu,Jan,14,2016,7:00p,CHI,115,PHI,111,14063
Thu,Jan,14,2016,8:00p,CLE,95,SAS,99,18418
Thu,Jan,14,2016,9:00p,SAC,103,UTA,101,17894
Fri,Jan,15,2016,7:30p,PHX,103,BOS,117,18624
Fri,Jan,15,2016,7:30p,POR,116,BKN,104,14749
Fri,Jan,15,2016,8:00p,DAL,83,CHI,77,22056
Fri,Jan,15,2016,9:00p,MIA,98,DEN,95,15406
Fri,Jan,15,2016,9:30p,CLE,91,HOU,77,18320
Fri,Jan,15,2016,7:00p,WAS,118,IND,104,18165
Fri,Jan,15,2016,8:00p,ATL,101,MIL,108,15144
Fri,Jan,15,2016,8:00p,CHA,107,NOP,109,16876
Fri,Jan,15,2016,7:00p,MIN,93,OKC,113,18203
Sat,Jan,16,2016,7:30p,BKN,86,ATL,114,17052
Sat,Jan,16,2016,7:00p,MIL,105,CHA,92,18288
Sat,Jan,16,2016,7:30p,GSW,95,DET,113,21584
Sat,Jan,16,2016,10:30p,SAC,110,LAC,103,19191
Sat,Jan,16,2016,8:00p,NYK,95,MEM,103,18119
Sat,Jan,16,2016,7:30p,POR,89,PHI,114,15698
Sat,Jan,16,2016,9:00p,LAL,82,UTA,109,19911
Sat,Jan,16,2016,7:30p,BOS,119,WAS,117,20356
Sun,Jan,17,2016,8:00p,IND,126,DEN,129,11104
Sun,Jan,17,2016,9:30p,HOU,112,LAL,95,18997
Sun,Jan,17,2016,3:30p,PHX,87,MIN,117,14330
Sun,Jan,17,2016,7:00p,MIA,74,OKC,99,18203
Sun,Jan,17,2016,7:00p,DAL,83,SAS,112,18418
Mon,Jan,18,2016,5:00p,ORL,81,ATL,98,17460
Mon,Jan,18,2016,2:00p,UTA,119,CHA,124,17459
Mon,Jan,18,2016,8:00p,GSW,132,CLE,98,20562
Mon,Jan,18,2016,8:30p,BOS,113,DAL,118,19866
Mon,Jan,18,2016,3:30p,CHI,111,DET,101,18935
Mon,Jan,18,2016,10:30p,HOU,132,LAC,140,19060
Mon,Jan,18,2016,2:30p,NOP,99,MEM,101,18119
Mon,Jan,18,2016,1:00p,PHI,113,NYK,119,19812
Mon,Jan,18,2016,7:30p,BKN,100,TOR,112,19800
Mon,Jan,18,2016,2:00p,POR,108,WAS,98,17236
Tue,Jan,19,2016,9:00p,OKC,110,DEN,104,12844
Tue,Jan,19,2016,7:30p,MIL,91,MIA,79,19886
Tue,Jan,19,2016,8:00p,MIN,99,NOP,114,14255
Tue,Jan,19,2016,9:00p,IND,97,PHX,94,16802
Wed,Jan,20,2016,7:30p,CLE,91,BKN,78,17732
Wed,Jan,20,2016,8:00p,GSW,125,CHI,94,23152
Wed,Jan,20,2016,8:30p,MIN,94,DAL,106,19621
Wed,Jan,20,2016,8:00p,DET,123,HOU,114,17203
Wed,Jan,20,2016,10:30p,SAC,112,LAL,93,18997
Wed,Jan,20,2016,7:30p,UTA,111,NYK,118,19812
Wed,Jan,20,2016,8:00p,CHA,95,OKC,109,18203
Wed,Jan,20,2016,7:00p,PHI,96,ORL,87,17746
Wed,Jan,20,2016,10:30p,ATL,104,POR,98,18783
Wed,Jan,20,2016,7:30p,BOS,109,TOR,115,19800
Wed,Jan,20,2016,7:00p,MIA,87,WAS,106,17008
Thu,Jan,21,2016,8:00p,LAC,102,CLE,115,20562
Thu,Jan,21,2016,9:00p,MEM,102,DEN,101,16140
Thu,Jan,21,2016,8:00p,DET,99,NOP,115,15281
Thu,Jan,21,2016,10:30p,SAS,117,PHX,89,16779
Thu,Jan,21,2016,10:00p,ATL,88,SAC,91,17019
Fri,Jan,22,2016,7:30p,CHI,101,BOS,110,18624
Fri,Jan,22,2016,7:30p,UTA,108,BKN,86,12809
Fri,Jan,22,2016,8:30p,OKC,109,DAL,106,20284
Fri,Jan,22,2016,10:30p,IND,110,GSW,122,19596
Fri,Jan,22,2016,8:00p,MIL,98,HOU,102,17196
Fri,Jan,22,2016,10:30p,SAS,108,LAL,95,18997
Fri,Jan,22,2016,7:30p,LAC,116,NYK,88,19812
Fri,Jan,22,2016,7:00p,CHA,120,ORL,116,18083
Fri,Jan,22,2016,8:00p,MIA,81,TOR,101,19800
Sat,Jan,23,2016,7:00p,NYK,84,CHA,97,17768
Sat,Jan,23,2016,8:30p,CHI,96,CLE,83,20562
Sat,Jan,23,2016,9:30p,DET,101,DEN,104,14646
Sat,Jan,23,2016,8:00p,MEM,101,MIN,106,15608
Sat,Jan,23,2016,7:00p,MIL,99,NOP,116,16980
Sat,Jan,23,2016,9:00p,ATL,95,PHX,98,17034
Sat,Jan,23,2016,10:30p,LAL,103,POR,121,19728
Sat,Jan,23,2016,10:30p,IND,97,SAC,108,17419
Sun,Jan,24,2016,7:30p,OKC,106,BKN,116,16019
Sun,Jan,24,2016,3:30p,DAL,104,HOU,115,18142
Sun,Jan,24,2016,7:00p,BOS,112,PHI,92,9722
Sun,Jan,24,2016,6:00p,LAC,94,TOR,112,19800
Mon,Jan,25,2016,8:00p,MIA,89,CHI,84,21720
Mon,Jan,25,2016,7:00p,MIN,107,CLE,114,20562
Mon,Jan,25,2016,9:00p,ATL,119,DEN,105,10280
Mon,Jan,25,2016,10:30p,SAS,90,GSW,120,19596
Mon,Jan,25,2016,8:00p,ORL,102,MEM,108,15779
Mon,Jan,25,2016,8:00p,HOU,112,NOP,111,15688
Mon,Jan,25,2016,10:00p,CHA,129,SAC,128,16991
Mon,Jan,25,2016,9:00p,DET,95,UTA,92,18783
Mon,Jan,25,2016,7:00p,BOS,116,WAS,91,11753
Tue,Jan,26,2016,7:30p,MIA,102,BKN,98,15267
Tue,Jan,26,2016,7:00p,LAC,91,IND,89,15448
Tue,Jan,26,2016,10:30p,DAL,92,LAL,90,18997
Tue,Jan,26,2016,8:00p,ORL,100,MIL,107,11884
Tue,Jan,26,2016,7:30p,OKC,128,NYK,122,19812
Tue,Jan,26,2016,7:00p,PHX,103,PHI,113,10851
Tue,Jan,26,2016,10:00p,SAC,97,POR,112,19393
Tue,Jan,26,2016,7:30p,WAS,89,TOR,106,19800
Wed,Jan,27,2016,8:00p,LAC,85,ATL,83,17664
Wed,Jan,27,2016,7:30p,DEN,103,BOS,111,18108
Wed,Jan,27,2016,7:00p,PHX,93,CLE,115,20562
Wed,Jan,27,2016,7:30p,PHI,97,DET,110,13712
Wed,Jan,27,2016,10:30p,DAL,107,GSW,127,19596
Wed,Jan,27,2016,8:00p,OKC,126,MIN,123,13337
Wed,Jan,27,2016,8:00p,HOU,99,SAS,130,18418
Wed,Jan,27,2016,9:00p,CHA,73,UTA,102,16683
Thu,Jan,28,2016,7:00p,ATL,92,IND,111,15196
Thu,Jan,28,2016,10:30p,CHI,114,LAL,91,18997
Thu,Jan,28,2016,8:00p,MIL,83,MEM,103,15244
Thu,Jan,28,2016,8:00p,SAC,105,NOP,114,15636
Thu,Jan,28,2016,8:00p,NYK,93,TOR,103,19800
Thu,Jan,28,2016,7:00p,DEN,117,WAS,113,15146
Fri,Jan,29,2016,7:30p,ORL,94,BOS,113,17729
Fri,Jan,29,2016,8:30p,BKN,79,DAL,91,20409
Fri,Jan,29,2016,7:30p,CLE,114,DET,106,21012
Fri,Jan,29,2016,10:30p,LAL,93,LAC,105,19495
Fri,Jan,29,2016,8:00p,MIA,107,MIL,103,17846
Fri,Jan,29,2016,7:30p,PHX,84,NYK,102,19812
Fri,Jan,29,2016,8:00p,HOU,108,OKC,116,18203
Fri,Jan,29,2016,10:00p,CHA,91,POR,109,19393
Fri,Jan,29,2016,9:00p,MIN,90,UTA,103,18850
Sat,Jan,30,2016,8:30p,SAS,103,CLE,117,20562
Sat,Jan,30,2016,8:00p,WAS,123,HOU,122,18320
Sat,Jan,30,2016,7:00p,DEN,105,IND,109,18165
Sat,Jan,30,2016,8:00p,SAC,117,MEM,121,18119
Sat,Jan,30,2016,7:00p,BKN,103,NOP,105,18037
Sat,Jan,30,2016,5:00p,GSW,108,PHI,105,20798
Sat,Jan,30,2016,6:30p,DET,107,TOR,111,19800
Sun,Jan,31,2016,7:00p,PHX,78,DAL,91,20137
Sun,Jan,31,2016,3:30p,CHI,93,LAC,120,19325
Sun,Jan,31,2016,9:30p,CHA,101,LAL,82,18997
Sun,Jan,31,2016,6:00p,ATL,87,MIA,105,19937
Sun,Jan,31,2016,7:30p,GSW,116,NYK,95,19812
Sun,Jan,31,2016,6:00p,BOS,114,ORL,119,18846
Sun,Jan,31,2016,9:00p,MIN,93,POR,96,19393
Mon,Feb,1,2016,8:00p,DAL,97,ATL,112,15455
Mon,Feb,1,2016,7:30p,DET,105,BKN,100,13290
Mon,Feb,1,2016,9:00p,TOR,93,DEN,112,10007
Mon,Feb,1,2016,7:00p,CLE,111,IND,106,17283
Mon,Feb,1,2016,8:00p,MEM,110,NOP,95,15210
Mon,Feb,1,2016,8:00p,WAS,98,OKC,114,18203
Mon,Feb,1,2016,10:00p,MIL,104,SAC,111,16827
Mon,Feb,1,2016,8:30p,ORL,92,SAS,107,18418
Mon,Feb,1,2016,9:00p,CHI,96,UTA,105,18811
Tue,Feb,2,2016,8:00p,MIA,102,HOU,115,18229
Tue,Feb,2,2016,10:30p,MIN,115,LAL,119,18997
Tue,Feb,2,2016,7:30p,BOS,97,NYK,89,19812
Tue,Feb,2,2016,9:00p,TOR,104,PHX,97,15897
Tue,Feb,2,2016,10:00p,MIL,95,POR,107,18306
Wed,Feb,3,2016,7:30p,DET,95,BOS,102,17297
Wed,Feb,3,2016,7:30p,IND,114,BKN,100,13311
Wed,Feb,3,2016,7:00p,CLE,97,CHA,106,19189
Wed,Feb,3,2016,8:30p,MIA,93,DAL,90,20385
Wed,Feb,3,2016,10:30p,MIN,108,LAC,102,19060
Wed,Feb,3,2016,8:00p,ORL,114,OKC,117,18203
Wed,Feb,3,2016,7:00p,ATL,124,PHI,86,10429
Wed,Feb,3,2016,10:00p,CHI,107,SAC,102,17317
Wed,Feb,3,2016,8:30p,NOP,97,SAS,110,18418
Wed,Feb,3,2016,9:00p,DEN,81,UTA,85,19461
Wed,Feb,3,2016,8:00p,GSW,134,WAS,121,20356
Thu,Feb,4,2016,7:00p,NYK,105,DET,111,17095
Thu,Feb,4,2016,9:30p,LAL,99,NOP,96,18420
Thu,Feb,4,2016,9:00p,HOU,111,PHX,105,15723
Thu,Feb,4,2016,10:00p,TOR,110,POR,103,19393
Fri,Feb,5,2016,7:00p,IND,96,ATL,102,17225
Fri,Feb,5,2016,7:30p,SAC,119,BKN,128,14432
Fri,Feb,5,2016,7:00p,MIA,98,CHA,95,19147
Fri,Feb,5,2016,7:30p,BOS,104,CLE,103,20562
Fri,Feb,5,2016,9:30p,SAS,116,DAL,90,20404
Fri,Feb,5,2016,9:00p,CHI,110,DEN,115,19155
Fri,Feb,5,2016,7:30p,MEM,91,NYK,85,19812
Fri,Feb,5,2016,7:00p,LAC,107,ORL,93,16647
Fri,Feb,5,2016,9:00p,MIL,81,UTA,84,19911
Fri,Feb,5,2016,7:00p,PHI,94,WAS,106,17305
Sat,Feb,6,2016,7:00p,WAS,104,CHA,108,18450
Sat,Feb,6,2016,7:30p,NOP,84,CLE,99,20562
Sat,Feb,6,2016,9:00p,OKC,108,GSW,116,19596
Sat,Feb,6,2016,5:00p,POR,96,HOU,79,18308
Sat,Feb,6,2016,7:00p,DET,104,IND,112,18165
Sat,Feb,6,2016,8:00p,DAL,114,MEM,110,18119
Sat,Feb,6,2016,8:00p,CHI,105,MIN,112,17876
Sat,Feb,6,2016,7:30p,BKN,98,PHI,103,18847
Sat,Feb,6,2016,9:00p,UTA,98,PHX,89,16180
Sat,Feb,6,2016,8:30p,LAL,102,SAS,106,18418
Sun,Feb,7,2016,1:00p,SAC,119,BOS,128,18624
Sun,Feb,7,2016,2:00p,LAC,100,MIA,93,19624
Sun,Feb,7,2016,1:00p,DEN,101,NYK,96,19812
Sun,Feb,7,2016,1:00p,ATL,94,ORL,96,16021
Mon,Feb,8,2016,8:00p,ORL,117,ATL,110,13057
Mon,Feb,8,2016,7:30p,DEN,104,BKN,105,13043
Mon,Feb,8,2016,7:00p,CHI,91,CHA,108,15886
Mon,Feb,8,2016,7:00p,SAC,100,CLE,120,20562
Mon,Feb,8,2016,7:30p,TOR,103,DET,89,14103
Mon,Feb,8,2016,7:00p,LAL,87,IND,89,18165
Mon,Feb,8,2016,8:00p,POR,112,MEM,106,15892
Mon,Feb,8,2016,8:00p,NOP,116,MIN,102,11926
Mon,Feb,8,2016,7:00p,LAC,98,PHI,92,13310
Mon,Feb,8,2016,9:00p,OKC,122,PHX,106,16316
Tue,Feb,9,2016,8:30p,UTA,121,DAL,119,19394
Tue,Feb,9,2016,10:30p,HOU,110,GSW,123,19596
Tue,Feb,9,2016,8:00p,SAS,119,MIA,101,19723
Tue,Feb,9,2016,8:00p,BOS,111,MIL,112,13215
Tue,Feb,9,2016,8:00p,WAS,111,NYK,108,19812
Wed,Feb,10,2016,7:30p,LAC,134,BOS,139,18186
Wed,Feb,10,2016,7:30p,MEM,109,BKN,90,14262
Wed,Feb,10,2016,8:00p,ATL,113,CHI,90,21709
Wed,Feb,10,2016,8:00p,LAL,111,CLE,120,20562
Wed,Feb,10,2016,7:30p,DEN,103,DET,92,19971
Wed,Feb,10,2016,7:00p,CHA,117,IND,95,15653
Wed,Feb,10,2016,8:00p,TOR,112,MIN,117,11171
Wed,Feb,10,2016,8:00p,UTA,96,NOP,100,15256
Wed,Feb,10,2016,7:00p,SAS,98,ORL,96,17467
Wed,Feb,10,2016,7:00p,SAC,114,PHI,110,12501
Wed,Feb,10,2016,9:00p,GSW,112,PHX,104,18055
Wed,Feb,10,2016,10:30p,HOU,103,POR,116,19393
Thu,Feb,11,2016,8:00p,WAS,92,MIL,99,14172
Thu,Feb,11,2016,8:00p,NOP,95,OKC,121,18203
Thu,Feb,18,2016,8:00p,CHI,95,CLE,106,20562
Thu,Feb,18,2016,10:30p,SAS,86,LAC,105,19410
Thu,Feb,18,2016,7:00p,UTA,89,WAS,103,12415
Fri,Feb,19,2016,8:00p,MIA,115,ATL,111,19043
Fri,Feb,19,2016,7:30p,NYK,98,BKN,109,17732
Fri,Feb,19,2016,8:00p,TOR,106,CHI,116,21849
Fri,Feb,19,2016,10:30p,SAS,119,LAL,113,18997
Fri,Feb,19,2016,8:00p,MIN,104,MEM,109,18119
Fri,Feb,19,2016,8:00p,CHA,98,MIL,95,16370
Fri,Feb,19,2016,8:00p,PHI,114,NOP,121,16953
Fri,Feb,19,2016,8:00p,IND,101,OKC,98,18203
Fri,Feb,19,2016,7:00p,DAL,104,ORL,110,17764
Fri,Feb,19,2016,9:30p,HOU,116,PHX,100,17102
Fri,Feb,19,2016,10:00p,GSW,105,POR,137,20100
Fri,Feb,19,2016,10:00p,DEN,110,SAC,116,17317
Fri,Feb,19,2016,10:30p,BOS,93,UTA,111,19911
Fri,Feb,19,2016,7:00p,DET,86,WAS,98,20356
Sat,Feb,20,2016,7:30p,MIL,117,ATL,109,18653
Sat,Feb,20,2016,8:30p,GSW,115,LAC,112,19585
Sat,Feb,20,2016,7:30p,WAS,94,MIA,114,19710
Sat,Feb,20,2016,8:00p,NYK,103,MIN,95,16663
Sun,Feb,21,2016,6:00p,CHA,104,BKN,96,16155
Sun,Feb,21,2016,8:00p,LAL,115,CHI,126,23143
Sun,Feb,21,2016,7:00p,PHI,103,DAL,129,20194
Sun,Feb,21,2016,5:00p,BOS,121,DEN,101,16065
Sun,Feb,21,2016,3:30p,NOP,111,DET,106,17886
Sun,Feb,21,2016,3:30p,CLE,115,OKC,92,18203
Sun,Feb,21,2016,6:00p,IND,105,ORL,102,17242
Sun,Feb,21,2016,5:00p,SAS,118,PHX,111,16224
Sun,Feb,21,2016,9:00p,UTA,111,POR,115,19470
Sun,Feb,21,2016,6:00p,MEM,85,TOR,98,19800
Mon,Feb,22,2016,8:00p,GSW,102,ATL,92,19330
Mon,Feb,22,2016,7:00p,DET,96,CLE,88,20562
Mon,Feb,22,2016,10:30p,PHX,84,LAC,124,19060
Mon,Feb,22,2016,7:30p,IND,93,MIA,101,19600
Mon,Feb,22,2016,8:00p,LAL,101,MIL,108,18717
Mon,Feb,22,2016,8:00p,BOS,122,MIN,124,11639
Mon,Feb,22,2016,7:30p,TOR,122,NYK,95,19812
Tue,Feb,23,2016,9:00p,SAC,114,DEN,110,15721
Tue,Feb,23,2016,7:00p,ORL,124,PHI,115,13745
Tue,Feb,23,2016,10:00p,BKN,104,POR,112,19393
Tue,Feb,23,2016,9:00p,HOU,114,UTA,117,18132
Tue,Feb,23,2016,7:00p,NOP,89,WAS,109,15743
Wed,Feb,24,2016,8:00p,WAS,104,CHI,109,21560
Wed,Feb,24,2016,7:00p,CHA,103,CLE,114,20562
Wed,Feb,24,2016,8:30p,OKC,116,DAL,103,19805
Wed,Feb,24,2016,7:30p,PHI,91,DET,111,13429
Wed,Feb,24,2016,7:00p,NYK,105,IND,108,16018
Wed,Feb,24,2016,10:30p,DEN,87,LAC,81,19060
Wed,Feb,24,2016,8:00p,LAL,119,MEM,128,18119
Wed,Feb,24,2016,7:30p,GSW,118,MIA,112,19899
Wed,Feb,24,2016,10:30p,SAS,108,SAC,92,17317
Wed,Feb,24,2016,7:30p,MIN,105,TOR,114,19800
Thu,Feb,25,2016,7:30p,MIL,107,BOS,112,18157
Thu,Feb,25,2016,8:00p,OKC,119,NOP,123,16974
Thu,Feb,25,2016,7:00p,GSW,130,ORL,114,19189
Thu,Feb,25,2016,9:00p,BKN,116,PHX,106,16145
Thu,Feb,25,2016,10:30p,HOU,119,POR,105,19393
Thu,Feb,25,2016,10:30p,SAS,96,UTA,78,19911
Fri,Feb,26,2016,8:00p,CHI,88,ATL,103,18123
Fri,Feb,26,2016,8:30p,DEN,116,DAL,122,20298
Fri,Feb,26,2016,7:00p,CHA,96,IND,95,18165
Fri,Feb,26,2016,10:30p,MEM,112,LAL,95,18997
Fri,Feb,26,2016,7:30p,ORL,95,NYK,108,19812
Fri,Feb,26,2016,7:00p,WAS,103,PHI,94,16511
Fri,Feb,26,2016,10:00p,LAC,117,SAC,107,17317
Fri,Feb,26,2016,7:30p,CLE,97,TOR,99,19800
Sat,Feb,27,2016,3:00p,MIA,89,BOS,101,18624
Sat,Feb,27,2016,8:00p,POR,103,CHI,95,21962
Sat,Feb,27,2016,8:00p,SAS,104,HOU,94,18240
Sat,Feb,27,2016,8:30p,DET,102,MIL,91,17165
Sat,Feb,27,2016,7:00p,MIN,112,NOP,110,17338
Sat,Feb,27,2016,8:30p,GSW,121,OKC,118,18203
Sat,Feb,27,2016,9:30p,MEM,106,PHX,111,17101
Sat,Feb,27,2016,9:30p,BKN,98,UTA,96,18863
Sun,Feb,28,2016,3:30p,CHA,76,ATL,87,17156
Sun,Feb,28,2016,7:00p,MIN,101,DAL,128,20289
Sun,Feb,28,2016,6:00p,TOR,101,DET,114,17201
Sun,Feb,28,2016,6:00p,POR,111,IND,102,16662
Sun,Feb,28,2016,7:30p,MIA,98,NYK,81,19812
Sun,Feb,28,2016,6:00p,PHI,116,ORL,130,16168
Sun,Feb,28,2016,1:00p,CLE,99,WAS,113,20356
Mon,Feb,29,2016,7:30p,UTA,95,BOS,100,17680
Mon,Feb,29,2016,7:00p,IND,96,CLE,100,20562
Mon,Feb,29,2016,9:00p,MEM,103,DEN,96,10324
Mon,Feb,29,2016,10:30p,BKN,95,LAC,105,19060
Mon,Feb,29,2016,8:00p,HOU,121,MIL,128,13214
Mon,Feb,29,2016,10:00p,OKC,131,SAC,116,17317
Mon,Feb,29,2016,7:00p,PHI,108,WAS,116,15096
Tue,Mar,1,2016,7:00p,PHX,92,CHA,126,16849
Tue,Mar,1,2016,8:30p,ORL,108,DAL,121,19546
Tue,Mar,1,2016,10:30p,ATL,105,GSW,109,19596
Tue,Mar,1,2016,10:30p,BKN,101,LAL,107,18997
Tue,Mar,1,2016,7:30p,CHI,111,MIA,129,19654
Tue,Mar,1,2016,7:30p,POR,104,NYK,85,19812
Wed,Mar,2,2016,7:30p,POR,93,BOS,116,18624
Wed,Mar,2,2016,9:00p,LAL,107,DEN,117,20096
Wed,Mar,2,2016,8:00p,NOP,95,HOU,100,18226
Wed,Mar,2,2016,10:30p,OKC,98,LAC,103,19304
Wed,Mar,2,2016,8:00p,SAC,98,MEM,104,15310
Wed,Mar,2,2016,8:00p,IND,104,MIL,99,14263
Wed,Mar,2,2016,8:00p,WAS,104,MIN,98,11307
Wed,Mar,2,2016,7:00p,CHI,89,ORL,102,16072
Wed,Mar,2,2016,7:00p,CHA,119,PHI,99,11143
Wed,Mar,2,2016,8:00p,DET,81,SAS,97,18418
Wed,Mar,2,2016,7:30p,UTA,94,TOR,104,19800
Thu,Mar,3,2016,8:30p,SAC,104,DAL,101,19910
Thu,Mar,3,2016,10:30p,OKC,106,GSW,121,19596
Thu,Mar,3,2016,7:30p,PHX,92,MIA,108,19600
Thu,Mar,3,2016,8:00p,SAS,94,NOP,86,17781
Fri,Mar,4,2016,7:30p,NYK,104,BOS,105,18624
Fri,Mar,4,2016,7:00p,IND,101,CHA,108,19099
Fri,Mar,4,2016,8:00p,WAS,83,CLE,108,20562
Fri,Mar,4,2016,9:00p,BKN,121,DEN,120,14163
Fri,Mar,4,2016,10:30p,ATL,106,LAL,77,18997
Fri,Mar,4,2016,8:00p,UTA,88,MEM,94,17188
Fri,Mar,4,2016,8:00p,MIN,101,MIL,116,16366
Fri,Mar,4,2016,7:00p,PHX,102,ORL,84,17546
Fri,Mar,4,2016,7:00p,MIA,112,PHI,102,17610
Fri,Mar,4,2016,7:30p,POR,115,TOR,117,19800
Sat,Mar,5,2016,8:30p,HOU,100,CHI,108,22203
Sat,Mar,5,2016,7:00p,BOS,103,CLE,120,20562
Sat,Mar,5,2016,10:30p,ATL,107,LAC,97,19236
Sat,Mar,5,2016,8:00p,BKN,118,MIN,132,15987
Sat,Mar,5,2016,7:00p,UTA,106,NOP,94,16680
Sat,Mar,5,2016,7:00p,DET,89,NYK,102,19812
Sat,Mar,5,2016,8:30p,SAC,94,SAS,104,18418
Sat,Mar,5,2016,7:00p,IND,100,WAS,99,20356
Sun,Mar,6,2016,5:00p,DAL,114,DEN,116,14802
Sun,Mar,6,2016,6:00p,POR,103,DET,123,18386
Sun,Mar,6,2016,3:30p,GSW,95,LAL,112,18997
Sun,Mar,6,2016,4:00p,PHX,109,MEM,100,17291
Sun,Mar,6,2016,6:00p,PHI,98,MIA,103,19820
Sun,Mar,6,2016,3:30p,OKC,104,MIL,96,16565
Sun,Mar,6,2016,6:30p,HOU,113,TOR,107,19800
Mon,Mar,7,2016,8:00p,MIL,90,CHI,100,21672
Mon,Mar,7,2016,7:00p,MIN,103,CHA,108,15912
Mon,Mar,7,2016,7:00p,MEM,106,CLE,103,20562
Mon,Mar,7,2016,8:30p,LAC,109,DAL,90,20002
Mon,Mar,7,2016,10:30p,ORL,113,GSW,119,19596
Mon,Mar,7,2016,7:00p,SAS,91,IND,99,16742
Mon,Mar,7,2016,8:00p,SAC,112,NOP,115,16403
Tue,Mar,8,2016,9:00p,NYK,94,DEN,110,13305
Tue,Mar,8,2016,10:30p,ORL,98,LAL,107,18997
Tue,Mar,8,2016,8:00p,SAS,116,MIN,91,14093
Tue,Mar,8,2016,10:00p,WAS,109,POR,116,19393
Tue,Mar,8,2016,7:30p,BKN,99,TOR,104,19800
Tue,Mar,8,2016,9:00p,ATL,91,UTA,84,19282
Wed,Mar,9,2016,7:00p,MEM,96,BOS,116,17790
Wed,Mar,9,2016,7:00p,NOP,113,CHA,122,16335
Wed,Mar,9,2016,8:30p,DET,102,DAL,96,20249
Wed,Mar,9,2016,10:30p,UTA,94,GSW,115,19596
Wed,Mar,9,2016,8:00p,MIA,108,MIL,114,15005
Wed,Mar,9,2016,9:30p,LAC,108,OKC,120,18203
Wed,Mar,9,2016,7:00p,HOU,118,PHI,104,15237
Wed,Mar,9,2016,9:00p,NYK,128,PHX,97,17105
Wed,Mar,9,2016,10:00p,CLE,120,SAC,111,17317
Thu,Mar,10,2016,9:00p,PHX,98,DEN,116,11582
Thu,Mar,10,2016,10:30p,CLE,120,LAL,108,18997
Thu,Mar,10,2016,8:00p,CHI,101,SAS,109,18418
Thu,Mar,10,2016,7:30p,ATL,96,TOR,104,19800
Fri,Mar,11,2016,7:30p,HOU,102,BOS,98,18624
Fri,Mar,11,2016,8:00p,MIA,118,CHI,96,22067
Fri,Mar,11,2016,7:00p,DET,103,CHA,118,18189
Fri,Mar,11,2016,10:30p,POR,112,GSW,128,19596
Fri,Mar,11,2016,10:30p,NYK,94,LAC,101,19175
Fri,Mar,11,2016,8:00p,NOP,114,MEM,121,18119
Fri,Mar,11,2016,8:00p,MIN,99,OKC,96,18203
Fri,Mar,11,2016,7:00p,BKN,89,PHI,95,14128
Fri,Mar,11,2016,10:00p,ORL,107,SAC,100,17081
Fri,Mar,11,2016,9:00p,WAS,93,UTA,114,19911
Sat,Mar,12,2016,7:30p,MEM,83,ATL,95,17515
Sat,Mar,12,2016,7:00p,HOU,109,CHA,125,19303
Sat,Mar,12,2016,2:00p,IND,112,DAL,105,20459
Sat,Mar,12,2016,9:30p,WAS,100,DEN,116,13213
Sat,Mar,12,2016,10:30p,PHX,116,GSW,123,19596
Sat,Mar,12,2016,7:30p,NOP,92,MIL,103,16518
Sat,Mar,12,2016,7:00p,DET,125,PHI,111,16087
Sat,Mar,12,2016,10:30p,ORL,84,POR,121,19452
Sat,Mar,12,2016,8:30p,OKC,85,SAS,93,18418
Sat,Mar,12,2016,7:00p,MIA,104,TOR,112,19800
Sun,Mar,13,2016,6:00p,IND,75,ATL,104,17066
Sun,Mar,13,2016,8:00p,MIL,109,BKN,100,15241
Sun,Mar,13,2016,3:30p,CLE,114,LAC,90,19342
Sun,Mar,13,2016,9:30p,NYK,90,LAL,87,18997
Sun,Mar,13,2016,6:00p,UTA,108,SAC,99,17023
Mon,Mar,14,2016,7:00p,DAL,107,CHA,96,15686
Mon,Mar,14,2016,10:30p,NOP,107,GSW,125,19596
Mon,Mar,14,2016,8:00p,MEM,81,HOU,130,18226
Mon,Mar,14,2016,7:30p,DEN,119,MIA,124,19744
Mon,Mar,14,2016,8:00p,POR,94,OKC,128,18203
Mon,Mar,14,2016,10:00p,MIN,104,PHX,107,17480
Mon,Mar,14,2016,7:30p,CHI,109,TOR,107,19800
Mon,Mar,14,2016,10:30p,CLE,85,UTA,94,19911
Mon,Mar,14,2016,8:00p,DET,81,WAS,124,18042
Tue,Mar,15,2016,7:30p,PHI,114,BKN,131,14560
Tue,Mar,15,2016,7:00p,BOS,98,IND,103,17118
Tue,Mar,15,2016,10:30p,SAC,106,LAL,98,18997
Tue,Mar,15,2016,8:00p,TOR,107,MIL,89,13522
Tue,Mar,15,2016,7:00p,DEN,110,ORL,116,16988
Tue,Mar,15,2016,8:30p,LAC,87,SAS,108,18418
Wed,Mar,16,2016,7:00p,OKC,130,BOS,109,18624
Wed,Mar,16,2016,7:00p,ORL,99,CHA,107,16148
Wed,Mar,16,2016,7:00p,DAL,98,CLE,99,20562
Wed,Mar,16,2016,7:30p,ATL,118,DET,114,14121
Wed,Mar,16,2016,10:30p,NYK,85,GSW,121,19596
Wed,Mar,16,2016,9:30p,LAC,122,HOU,106,18304
Wed,Mar,16,2016,8:00p,MIN,114,MEM,108,16588
Wed,Mar,16,2016,10:00p,NOP,123,SAC,108,17086
Wed,Mar,16,2016,7:00p,CHI,96,WAS,117,19556
Thu,Mar,17,2016,8:00p,DEN,98,ATL,116,14383
Thu,Mar,17,2016,8:00p,BKN,102,CHI,118,21513
Thu,Mar,17,2016,7:00p,TOR,101,IND,94,15104
Thu,Mar,17,2016,7:30p,CHA,109,MIA,106,19848
Thu,Mar,17,2016,8:00p,MEM,86,MIL,96,11740
Thu,Mar,17,2016,7:00p,WAS,99,PHI,94,10521
Thu,Mar,17,2016,8:30p,POR,110,SAS,118,18418
Thu,Mar,17,2016,9:00p,PHX,69,UTA,103,18784
Fri,Mar,18,2016,8:30p,GSW,130,DAL,112,20515
Fri,Mar,18,2016,7:30p,SAC,108,DET,115,15982
Fri,Mar,18,2016,8:00p,MIN,111,HOU,116,18142
Fri,Mar,18,2016,10:30p,PHX,95,LAL,90,18997
Fri,Mar,18,2016,8:00p,POR,117,NOP,112,17263
Fri,Mar,18,2016,7:00p,CLE,109,ORL,103,18046
Fri,Mar,18,2016,7:00p,OKC,111,PHI,97,20388
Fri,Mar,18,2016,7:30p,BOS,91,TOR,105,19800
Sat,Mar,19,2016,7:30p,HOU,97,ATL,109,18067
Sat,Mar,19,2016,8:00p,UTA,85,CHI,92,21856
Sat,Mar,19,2016,6:00p,DEN,101,CHA,93,19271
Sat,Mar,19,2016,7:00p,BKN,103,DET,115,17559
Sat,Mar,19,2016,7:00p,OKC,115,IND,111,18165
Sat,Mar,19,2016,8:00p,LAC,102,MEM,113,18119
Sat,Mar,19,2016,7:30p,CLE,101,MIA,122,19737
Sat,Mar,19,2016,8:30p,GSW,79,SAS,87,18825
Sat,Mar,19,2016,7:00p,NYK,89,WAS,99,20356
Sun,Mar,20,2016,4:00p,POR,120,DAL,132,20351
Sun,Mar,20,2016,7:00p,UTA,94,MIL,85,14124
Sun,Mar,20,2016,6:00p,LAC,105,NOP,109,17407
Sun,Mar,20,2016,7:30p,SAC,88,NYK,80,19812
Sun,Mar,20,2016,6:00p,BOS,120,PHI,105,15103
Sun,Mar,20,2016,4:30p,ORL,100,TOR,105,19800
Mon,Mar,21,2016,8:00p,WAS,117,ATL,102,15729
Mon,Mar,21,2016,7:30p,ORL,96,BOS,107,18624
Mon,Mar,21,2016,8:00p,SAC,102,CHI,109,21531
Mon,Mar,21,2016,7:00p,SAS,88,CHA,91,18260
Mon,Mar,21,2016,7:00p,DEN,91,CLE,124,20562
Mon,Mar,21,2016,7:30p,MIL,91,DET,92,13577
Mon,Mar,21,2016,7:00p,PHI,75,IND,91,16155
Mon,Mar,21,2016,8:00p,GSW,109,MIN,104,19452
Mon,Mar,21,2016,10:00p,MEM,103,PHX,97,15868
Tue,Mar,22,2016,7:30p,CHA,105,BKN,100,15739
Tue,Mar,22,2016,10:30p,MEM,100,LAL,107,18997
Tue,Mar,22,2016,8:00p,MIA,113,NOP,99,16867
Tue,Mar,22,2016,8:00p,HOU,107,OKC,111,18203
Wed,Mar,23,2016,7:30p,TOR,79,BOS,91,18624
Wed,Mar,23,2016,8:00p,NYK,115,CHI,107,21788
Wed,Mar,23,2016,7:00p,MIL,104,CLE,113,20562
Wed,Mar,23,2016,9:00p,PHI,103,DEN,104,10684
Wed,Mar,23,2016,7:30p,ORL,102,DET,118,16609
Wed,Mar,23,2016,10:30p,LAC,98,GSW,114,19596
Wed,Mar,23,2016,8:00p,UTA,89,HOU,87,18151
Wed,Mar,23,2016,8:00p,SAC,104,MIN,113,12151
Wed,Mar,23,2016,10:00p,LAL,107,PHX,119,18191
Wed,Mar,23,2016,10:00p,DAL,103,POR,109,19819
Wed,Mar,23,2016,8:30p,MIA,88,SAS,112,18418
Wed,Mar,23,2016,7:00p,ATL,122,WAS,101,18807
Thu,Mar,24,2016,7:30p,CLE,95,BKN,104,17732
Thu,Mar,24,2016,7:00p,NOP,84,IND,92,17517
Thu,Mar,24,2016,10:30p,POR,94,LAC,96,19359
Thu,Mar,24,2016,7:30p,CHI,94,NYK,106,19812
Thu,Mar,24,2016,8:00p,UTA,91,OKC,113,18203
Fri,Mar,25,2016,8:00p,MIL,90,ATL,101,17070
Fri,Mar,25,2016,7:30p,CHA,105,DET,112,17209
Fri,Mar,25,2016,10:30p,DAL,120,GSW,128,19596
Fri,Mar,25,2016,8:00p,TOR,109,HOU,112,18230
Fri,Mar,25,2016,10:30p,DEN,116,LAL,105,18997
Fri,Mar,25,2016,8:00p,ORL,97,MIA,108,19918
Fri,Mar,25,2016,10:00p,PHX,94,SAC,116,17317
Fri,Mar,25,2016,8:30p,MEM,104,SAS,110,18418
Fri,Mar,25,2016,7:00p,MIN,132,WAS,129,20356
Sat,Mar,26,2016,6:00p,IND,110,BKN,120,16625
Sat,Mar,26,2016,7:30p,ATL,112,DET,95,17857
Sat,Mar,26,2016,8:30p,CHA,115,MIL,91,15544
Sat,Mar,26,2016,8:00p,UTA,93,MIN,84,14694
Sat,Mar,26,2016,7:00p,TOR,115,NOP,91,17009
Sat,Mar,26,2016,7:30p,CLE,107,NYK,93,19812
Sat,Mar,26,2016,8:00p,SAS,92,OKC,111,18203
Sat,Mar,26,2016,7:00p,CHI,89,ORL,111,18846
Sat,Mar,26,2016,10:00p,BOS,102,PHX,99,18055
Sat,Mar,26,2016,10:00p,PHI,105,POR,108,19506
Sun,Mar,27,2016,8:00p,PHI,105,GSW,117,19596
Sun,Mar,27,2016,6:00p,HOU,101,IND,104,17165
Sun,Mar,27,2016,3:30p,DEN,90,LAC,105,19060
Sun,Mar,27,2016,9:30p,WAS,101,LAL,88,18997
Sun,Mar,27,2016,6:00p,DAL,111,SAC,133,17147
Mon,Mar,28,2016,8:00p,ATL,102,CHI,100,21761
Mon,Mar,28,2016,9:00p,DAL,97,DEN,88,14844
Mon,Mar,28,2016,10:30p,BOS,90,LAC,114,19258
Mon,Mar,28,2016,8:00p,SAS,101,MEM,87,17133
Mon,Mar,28,2016,7:30p,BKN,99,MIA,110,20003
Mon,Mar,28,2016,8:00p,PHX,116,MIN,121,11141
Mon,Mar,28,2016,8:00p,NYK,91,NOP,99,17000
Mon,Mar,28,2016,10:00p,SAC,93,POR,105,19393
Mon,Mar,28,2016,7:30p,OKC,119,TOR,100,19800
Mon,Mar,28,2016,9:00p,LAL,75,UTA,123,19911
Tue,Mar,29,2016,8:00p,HOU,106,CLE,100,20562
Tue,Mar,29,2016,7:30p,OKC,82,DET,88,18201
Tue,Mar,29,2016,10:30p,WAS,94,GSW,102,19596
Tue,Mar,29,2016,7:00p,CHI,98,IND,96,17050
Tue,Mar,29,2016,7:00p,BKN,105,ORL,139,17536
Tue,Mar,29,2016,7:00p,CHA,100,PHI,85,14486
Wed,Mar,30,2016,8:30p,NYK,89,DAL,91,20435
Wed,Mar,30,2016,10:30p,MIA,100,LAL,102,18997
Wed,Mar,30,2016,8:00p,DEN,109,MEM,105,16401
Wed,Mar,30,2016,8:00p,PHX,94,MIL,105,15733
Wed,Mar,30,2016,8:00p,LAC,99,MIN,79,12252
Wed,Mar,30,2016,10:00p,WAS,111,SAC,120,17185
Wed,Mar,30,2016,8:30p,NOP,92,SAS,100,18418
Wed,Mar,30,2016,7:30p,ATL,97,TOR,105,19800
Wed,Mar,30,2016,9:00p,GSW,103,UTA,96,19911
Thu,Mar,31,2016,7:00p,BKN,87,CLE,107,20562
Thu,Mar,31,2016,7:00p,CHI,103,HOU,100,18244
Thu,Mar,31,2016,7:00p,ORL,114,IND,94,17234
Thu,Mar,31,2016,8:00p,DEN,95,NOP,101,16269
Thu,Mar,31,2016,9:30p,LAC,117,OKC,119,18203
Thu,Mar,31,2016,10:00p,BOS,109,POR,116,19393
Fri,Apr,1,2016,8:00p,CLE,110,ATL,108,19427
Fri,Apr,1,2016,7:00p,PHI,91,CHA,100,19244
Fri,Apr,1,2016,7:30p,DAL,98,DET,89,19031
Fri,Apr,1,2016,10:30p,BOS,109,GSW,106,19596
Fri,Apr,1,2016,8:00p,TOR,99,MEM,95,17077
Fri,Apr,1,2016,8:00p,ORL,110,MIL,113,16268
Fri,Apr,1,2016,7:30p,BKN,91,NYK,105,19812
Fri,Apr,1,2016,10:30p,WAS,106,PHX,99,17345
Fri,Apr,1,2016,10:00p,MIA,112,SAC,106,17317
Fri,Apr,1,2016,9:00p,MIN,85,UTA,98,19911
Sat,Apr,2,2016,8:00p,DET,94,CHI,90,22197
Sat,Apr,2,2016,9:00p,SAC,115,DEN,106,15607
Sat,Apr,2,2016,7:30p,IND,115,PHI,102,19213
Sat,Apr,2,2016,10:00p,MIA,93,POR,110,19633
Sat,Apr,2,2016,8:30p,TOR,95,SAS,102,18418
Sun,Apr,3,2016,1:00p,NOP,106,BKN,87,16329
Sun,Apr,3,2016,3:30p,CHA,103,CLE,112,20562
Sun,Apr,3,2016,8:00p,POR,111,GSW,136,19596
Sun,Apr,3,2016,3:30p,OKC,110,HOU,118,18462
Sun,Apr,3,2016,3:30p,WAS,109,LAC,114,19060
Sun,Apr,3,2016,9:30p,BOS,107,LAL,100,18997
Sun,Apr,3,2016,7:00p,CHI,102,MIL,98,15768
Sun,Apr,3,2016,3:30p,DAL,88,MIN,78,16117
Sun,Apr,3,2016,7:30p,IND,92,NYK,87,19812
Sun,Apr,3,2016,6:00p,MEM,107,ORL,119,17741
Sun,Apr,3,2016,6:00p,UTA,101,PHX,86,17279
Tue,Apr,5,2016,8:00p,PHX,90,ATL,103,15176
Tue,Apr,5,2016,9:00p,OKC,124,DEN,102,12611
Tue,Apr,5,2016,10:30p,MIN,124,GSW,117,19596
Tue,Apr,5,2016,10:30p,LAL,81,LAC,103,19537
Tue,Apr,5,2016,8:00p,CHI,92,MEM,108,17591
Tue,Apr,5,2016,8:00p,DET,89,MIA,107,19621
Tue,Apr,5,2016,8:00p,CLE,109,MIL,80,15061
Tue,Apr,5,2016,7:00p,NOP,93,PHI,107,10978
Tue,Apr,5,2016,10:00p,POR,115,SAC,107,17317
Tue,Apr,5,2016,7:30p,CHA,90,TOR,96,19800
Tue,Apr,5,2016,9:00p,SAS,88,UTA,86,19381
Wed,Apr,6,2016,7:30p,NOP,97,BOS,104,18624
Wed,Apr,6,2016,9:30p,HOU,86,DAL,88,20108
Wed,Apr,6,2016,7:00p,CLE,109,IND,123,18165
Wed,Apr,6,2016,10:30p,LAC,91,LAL,81,18997
Wed,Apr,6,2016,7:30p,CHA,111,NYK,97,19812
Wed,Apr,6,2016,7:00p,DET,108,ORL,104,16553
Wed,Apr,6,2016,10:00p,OKC,115,POR,120,19393
Wed,Apr,6,2016,7:00p,BKN,103,WAS,121,16846
Thu,Apr,7,2016,8:00p,TOR,87,ATL,95,17864
Thu,Apr,7,2016,10:30p,SAS,101,GSW,112,19596
Thu,Apr,7,2016,8:00p,PHX,124,HOU,115,18227
Thu,Apr,7,2016,8:00p,CHI,98,MIA,106,19771
Thu,Apr,7,2016,10:00p,MIN,105,SAC,97,17317
Fri,Apr,8,2016,7:30p,MIL,109,BOS,124,18624
Fri,Apr,8,2016,7:00p,BKN,99,CHA,113,18337
Fri,Apr,8,2016,8:30p,MEM,93,DAL,103,20211
Fri,Apr,8,2016,9:00p,SAS,98,DEN,102,16347
Fri,Apr,8,2016,7:30p,WAS,99,DET,112,18207
Fri,Apr,8,2016,8:00p,LAL,102,NOP,110,18607
Fri,Apr,8,2016,7:00p,MIA,109,ORL,112,18152
Fri,Apr,8,2016,7:00p,NYK,109,PHI,102,16076
Fri,Apr,8,2016,7:30p,IND,98,TOR,111,19800
Fri,Apr,8,2016,9:00p,LAC,102,UTA,99,19911
Sat,Apr,9,2016,7:30p,BOS,107,ATL,118,19257
Sat,Apr,9,2016,8:30p,CLE,102,CHI,105,22186
Sat,Apr,9,2016,8:00p,GSW,100,MEM,99,18119
Sat,Apr,9,2016,7:00p,PHX,121,NOP,100,16932
Sat,Apr,9,2016,10:30p,MIN,106,POR,105,19733
Sat,Apr,9,2016,10:30p,OKC,112,SAC,114,17317
Sun,Apr,10,2016,5:00p,UTA,100,DEN,84,16172
Sun,Apr,10,2016,3:30p,LAL,110,HOU,130,18442
Sun,Apr,10,2016,6:00p,BKN,105,IND,129,18165
Sun,Apr,10,2016,3:30p,DAL,91,LAC,98,19170
Sun,Apr,10,2016,6:00p,ORL,96,MIA,118,19913
Sun,Apr,10,2016,7:30p,TOR,93,NYK,89,19812
Sun,Apr,10,2016,5:00p,MIL,109,PHI,108,16267
Sun,Apr,10,2016,7:00p,GSW,92,SAS,86,18658
Sun,Apr,10,2016,12:00p,CHA,98,WAS,113,19187
Mon,Apr,11,2016,7:30p,CHA,114,BOS,100,18624
Mon,Apr,11,2016,7:30p,WAS,120,BKN,111,14653
Mon,Apr,11,2016,7:00p,ATL,94,CLE,109,20562
Mon,Apr,11,2016,8:00p,HOU,129,MIN,105,14983
Mon,Apr,11,2016,8:00p,CHI,121,NOP,116,16867
Mon,Apr,11,2016,8:00p,LAL,79,OKC,112,18203
Mon,Apr,11,2016,7:00p,MIL,98,ORL,107,18374
Mon,Apr,11,2016,10:00p,SAC,105,PHX,101,17288
Mon,Apr,11,2016,9:00p,DAL,101,UTA,92,19911
Tue,Apr,12,2016,7:30p,MIA,99,DET,93,18575
Tue,Apr,12,2016,7:00p,NYK,90,IND,102,17906
Tue,Apr,12,2016,10:30p,MEM,84,LAC,110,19147
Tue,Apr,12,2016,8:00p,OKC,98,SAS,102,18765
Tue,Apr,12,2016,7:30p,PHI,98,TOR,122,19800
Wed,Apr,13,2016,8:00p,MIA,88,BOS,98,18624
Wed,Apr,13,2016,8:00p,TOR,103,BKN,96,16517
Wed,Apr,13,2016,8:00p,PHI,105,CHI,115,21777
Wed,Apr,13,2016,8:00p,ORL,103,CHA,117,17372
Wed,Apr,13,2016,8:00p,DET,112,CLE,110,20562
Wed,Apr,13,2016,8:00p,SAS,96,DAL,91,20346
Wed,Apr,13,2016,10:30p,MEM,104,GSW,125,19596
Wed,Apr,13,2016,8:00p,SAC,81,HOU,116,18311
Wed,Apr,13,2016,10:30p,UTA,96,LAL,101,18997
Wed,Apr,13,2016,8:00p,IND,97,MIL,92,16569
Wed,Apr,13,2016,8:00p,NOP,109,MIN,144,14889
Wed,Apr,13,2016,10:30p,LAC,105,PHX,114,18055
Wed,Apr,13,2016,10:30p,DEN,99,POR,107,19571
Wed,Apr,13,2016,8:00p,ATL,98,WAS,109,17399
Sat,Apr,16,2016,7:00p,BOS,101,ATL,102,18980
Sat,Apr,16,2016,3:30p,HOU,78,GSW,104,19596
Sat,Apr,16,2016,9:30p,DAL,70,OKC,108,18203
Sat,Apr,16,2016,12:30p,IND,100,TOR,90,19800
Sun,Apr,17,2016,3:00p,DET,101,CLE,106,20562
Sun,Apr,17,2016,10:30p,POR,95,LAC,115,19122
Sun,Apr,17,2016,5:30p,CHA,91,MIA,123,19600
Sun,Apr,17,2016,8:00p,MEM,74,SAS,106,18418
Mon,Apr,18,2016,10:30p,HOU,106,GSW,115,19596
Mon,Apr,18,2016,8:00p,DAL,85,OKC,84,18203
Mon,Apr,18,2016,7:00p,IND,87,TOR,98,19800
Tue,Apr,19,2016,7:00p,BOS,72,ATL,89,18972
Tue,Apr,19,2016,9:30p,MEM,68,SAS,94,18418
Wed,Apr,20,2016,8:00p,DET,90,CLE,107,20562
Wed,Apr,20,2016,10:30p,POR,81,LAC,102,19127
Wed,Apr,20,2016,7:00p,CHA,103,MIA,115,19650
Thu,Apr,21,2016,7:00p,OKC,131,DAL,102,20150
Thu,Apr,21,2016,9:30p,GSW,96,HOU,97,18200
Thu,Apr,21,2016,7:30p,TOR,101,IND,85,18165
Fri,Apr,22,2016,8:00p,ATL,103,BOS,111,18624
Fri,Apr,22,2016,7:00p,CLE,101,DET,91,21584
Fri,Apr,22,2016,9:30p,SAS,96,MEM,87,18119
Sat,Apr,23,2016,5:30p,MIA,80,CHA,96,19604
Sat,Apr,23,2016,8:00p,OKC,119,DAL,108,20516
Sat,Apr,23,2016,3:00p,TOR,83,IND,100,18165
Sat,Apr,23,2016,10:30p,LAC,88,POR,96,19761
Sun,Apr,24,2016,6:00p,ATL,95,BOS,104,18624
Sun,Apr,24,2016,8:30p,CLE,100,DET,98,21584
Sun,Apr,24,2016,3:30p,GSW,121,HOU,94,18200
Sun,Apr,24,2016,1:00p,SAS,116,MEM,95,18119
Mon,Apr,25,2016,7:00p,MIA,85,CHA,89,19156
Mon,Apr,25,2016,8:00p,DAL,104,OKC,118,18203
Mon,Apr,25,2016,10:30p,LAC,84,POR,98,19607
Tue,Apr,26,2016,8:30p,BOS,83,ATL,110,18987
Tue,Apr,26,2016,6:00p,IND,99,TOR,102,19800
Wed,Apr,27,2016,10:30p,HOU,81,GSW,114,19596
Wed,Apr,27,2016,10:00p,POR,108,LAC,98,19060
Wed,Apr,27,2016,8:00p,CHA,90,MIA,88,19685
Thu,Apr,28,2016,8:00p,ATL,104,BOS,92,18624
Fri,Apr,29,2016,8:00p,MIA,97,CHA,90,19636
Fri,Apr,29,2016,7:30p,TOR,83,IND,101,18165
Fri,Apr,29,2016,10:30p,LAC,103,POR,106,19768
Sat,Apr,30,2016,8:30p,OKC,92,SAS,124,18418
Sun,May,1,2016,3:30p,POR,106,GSW,118,19596
Sun,May,1,2016,1:00p,CHA,73,MIA,106,19868
Sun,May,1,2016,8:00p,IND,84,TOR,89,20669
Mon,May,2,2016,7:00p,ATL,93,CLE,104,20562
Mon,May,2,2016,9:30p,OKC,98,SAS,97,18418
Tue,May,3,2016,10:30p,POR,99,GSW,110,19596
Tue,May,3,2016,8:00p,MIA,102,TOR,96,19800
Wed,May,4,2016,8:00p,ATL,98,CLE,123,20562
Thu,May,5,2016,8:00p,MIA,92,TOR,96,20906
Fri,May,6,2016,7:00p,CLE,121,ATL,108,19089
Fri,May,6,2016,9:30p,SAS,100,OKC,96,18203
Sat,May,7,2016,5:00p,TOR,95,MIA,91,19675
Sat,May,7,2016,8:30p,GSW,108,POR,120,19673
Sun,May,8,2016,3:30p,CLE,100,ATL,99,19031
Sun,May,8,2016,8:00p,SAS,97,OKC,111,18203
Mon,May,9,2016,8:00p,TOR,87,MIA,94,19600
Mon,May,9,2016,10:30p,GSW,132,POR,125,19583
Tue,May,10,2016,8:00p,OKC,95,SAS,91,18418
Wed,May,11,2016,10:30p,POR,121,GSW,125,19596
Wed,May,11,2016,8:00p,MIA,91,TOR,99,20155
Thu,May,12,2016,8:30p,SAS,99,OKC,113,18203
Fri,May,13,2016,8:00p,TOR,91,MIA,103,19757
Sun,May,15,2016,3:30p,MIA,89,TOR,116,20257
Mon,May,16,2016,9:00p,OKC,108,GSW,102,19596
Tue,May,17,2016,8:30p,TOR,84,CLE,115,20562
Wed,May,18,2016,9:00p,OKC,91,GSW,118,19596
Thu,May,19,2016,8:30p,TOR,89,CLE,108,20562
Sat,May,21,2016,8:30p,CLE,84,TOR,99,20207
Sun,May,22,2016,8:00p,GSW,105,OKC,133,18203
Mon,May,23,2016,8:30p,CLE,99,TOR,105,20367
Tue,May,24,2016,9:00p,GSW,94,OKC,118,18203
Wed,May,25,2016,8:30p,TOR,78,CLE,116,20562
Thu,May,26,2016,9:00p,OKC,111,GSW,120,19596
Fri,May,27,2016,8:30p,CLE,113,TOR,87,20605
Sat,May,28,2016,9:00p,GSW,108,OKC,101,18203
Mon,May,30,2016,9:00p,OKC,88,GSW,96,19596
Thu,Jun,2,2016,9:00p,CLE,89,GSW,104,19596
Sun,Jun,5,2016,8:00p,CLE,77,GSW,110,19596
Wed,Jun,8,2016,9:00p,GSW,90,CLE,120,20562
Fri,Jun,10,2016,9:00p,GSW,108,CLE,97,20562
Mon,Jun,13,2016,9:00p,CLE,112,GSW,97,19596
Thu,Jun,16,2016,9:00p,GSW,101,CLE,115,20562
Sun,Jun,19,2016,8:00p,CLE,93,GSW,89,19596
